CUST_ID,name,GENDER_CD,EDUCATION_CD,SUBS_TENURE,TOT_OB_CALL_INTL_ROAM_CNT,TOT_DAY_LAST_COMPLAINT_CNT,TOT_DAY_LAST_SUSPENDED_CNT,MTH_TO_SUBS_END_CNT,TOT_SRV_DROPPED_CNT,TOT_SRV_ADDED_CNT,BARRING_REASON_CD,REV_AMT_BASE_1,REV_AMT_BASE_2,CUST_AGE,PCT_CHNG_IB_SMS_CNT,CHURN_FLG,SET
5382,Elaine P Pearson,M,2,114,0.286341375,0,14,2,0,2,2,1122,894,34,1.678321678,0,serve4
611,Simone O King,F,4,120,1.789771939,16,5,1,1,2,2,308,1380,27,0.406130268,0,serve4
3039,Cummins Z Hodges,M,1,132,1.1696693,6,5,2,1,1,0,1176,767,24,1.481081081,0,serve4
2166,Augustine Y Jones,M,2,126,0.232092717,14,5,3,1,0,0,818,866,34,0.331428571,0,serve4
3822,Neal P Spence,F,1,96,1.732545827,4,24,3,0,1,1,287,653,44,0.371040724,0,serve4
6906,Jeremy Y Renne,M,1,90,0.338469773,11,10,2,1,1,1,1158,541,35,1.101265823,0,serve4
4021,Madonna B Gibson,F,1,138,0.534346733,18,4,3,1,1,1,265,661,38,1.419354839,0,serve4
2910,Irene O Welsh,F,1,108,0.311436561,5,4,4,1,1,2,908,1043,53,0.632911392,0,serve4
4692,Jeremy L Carson,M,2,120,1.394807836,7,19,3,1,0,2,345,986,26,1.315068493,0,serve4
5895,Augustine W Goodman,M,1,114,0.665268914,24,30,4,2,3,0,342,1106,60,1.739130435,0,serve4
5358,Michelle V Gilchrist,F,1,126,0.135278424,18,4,3,2,1,3,1111,426,45,0.834123223,0,serve4
5968,Tony O Besser,M,1,96,0.299671947,2,6,2,0,1,2,413,889,32,0.879310345,0,serve4
3641,David A Richards,M,2,138,2.613624271,16,6,3,2,2,2,723,1084,56,1.528795812,0,serve4
4320,Ana K Muldowney,M,2,78,0.186759075,18,3,3,1,2,1,1097,1027,37,0.447154472,0,serve4
7132,Ignatius J Roberts,F,3,90,0.674214064,4,3,2,1,1,3,408,1273,49,1.13220339,0,serve4
7720,Bond P Albright,M,2,162,0.372472462,8,2,3,1,2,1,203,1239,22,0.575875486,0,serve4
5335,Stanley G Murdoch,F,1,66,0.465100903,12,11,4,1,0,2,1013,837,60,1.051546392,0,serve4
2320,Debbie D Spencer,F,1,90,0.355588018,21,10,1,2,1,3,1155,1308,34,0.913580247,0,serve4
2274,Henry C Wilkinson,M,3,120,0.63505229,17,17,3,2,0,0,1018,883,30,2.780952381,0,serve4
4185,Cummins S Burton,M,2,138,2.109305509,6,22,3,0,0,2,630,1151,45,1.183908046,0,serve4
4860,Goldie E Renne,F,1,132,1.093700828,12,21,2,1,2,0,796,342,33,1.265625,0,serve4
3236,Chelsea N Hodges,M,2,72,1.012597061,16,21,2,2,1,3,324,1325,46,1.82278481,0,serve4
2230,Dillon F Waugh,M,1,162,0.403109422,14,11,4,1,2,0,604,520,54,1.919463087,0,serve4
932,Jack N Pearson,M, .,84,6.250916076,18,13,2,2,2,0,222,202,41,1.792746114,0,serve4
1485,Carlin C Welsh,M,1,78,1.316283282,3,18,3,1,0,0,367,600,30,1.751724138,0,serve4
6043,Steward N Birch,F,1,174,2.664156751,4,17,3,0,2,0,662,1057,42,0.857142857,0,serve4
6238,Paul B Ricardo,M,1,96,0.797053319,18,2,3,1,2,3,302,1314,37,1.144444444,0,serve4
1132,Ignatius U Warner,F,1,150,1.422281814,11,10,2,1,1,2,1183,1191,58,0.691358025,0,serve4
5769,Augustine U Birch,F,2,150,0.535994562,22,23,4,0,3,1,823,1213,37,0.888888889,0,serve4
2692,Phil N Muldowney,M,1,102,1.105297491,20,19,2,0,1,0,461,1034,53,0.682926829,0,serve4
4471,Cindy Z Grant,F,1,96,0.062300685,5,12,4,1,3,3,384,864,56,1.554054054,0,serve4
6665,Currie X Warner,M,1,120,0.428196743,20,13,3,2,1,2,235,1279,48,2.418604651,0,serve4
347,Christine T Baker,M,1,90,0.673372147,30,32,2,1,1,3,827,1181,49,0.565055762,0,serve4
2849,Martin P Moss,M,1,120,0.025942967,22,20,3,1,3,3,359,305,53,1.676646707,0,serve4
5358,Robert I D'mello,M,1,168,0.665441648,0,1,1,1,3,0,323,531,24,1.767955801,0,serve4
4918,Adam V Flower,M,6,138,0.57973021,5,8,2,2,2,2,812,734,34,0.328502416,0,serve4
5158,Alysia X White,M,1,114,0.26820781,9,14,3,0,2,0,974,1280,56,0.784313726,0,serve4
7168,Bond L Waugh,F,1,120,1.110684394,25,24,4,0,0,1,259,313,40,0.737704918,0,serve4
1891,Daniels P Wilkinson,F,4,120,0.369064336,21,9,2,2,1,1,550,1167,51,2.031496063,0,serve4
3427,Jack   Rogers,F,1,138,0.016340579,21,18,2,1,1,1,562,1101,46,1.367924528,0,serve4
2983,Arlene T Lee,M,2,84,0.495286914,30,23,4,2,1,3,517,725,28,1.68,0,serve4
7252,Arlene H Hartley,F,2,150,0.372427736,13,1,4,2,3,0,1074,1185,57,0.952830189,0,serve4
760,Desmond B Burton,M,2,120,0.82397158,21,7,1,1,3,0,550,704,42,0.663507109,0,serve4
4507,Jeanine P Potter,F,1,90,2.384042665,13,12,2,2,1,0,1164,1306,62,1.248826291,0,serve4
3975,Steward R Baker,M,2,156,0.028192705,7,15,2,1,3,2,725,1121,31,0.884848485,0,serve4
7655,Ian H Gonsalves,M,2,96,0.432898921,1,13,3,1,3,2,473,1071,47,0.737226277,0,serve4
4946,Martin A Gilchrist,M,2,168,0.992879818,16,30,3,2,0,3,736,870,44,0.791836735,0,serve4
3448,Adam I Welsh,F,2,114,0.7381543,14,4,3,2,1,1,640,1041,45,0.533980583,0,serve4
5150,Robert C Pearson,M,1,150,11.26294177,9,17,2,1,0,0,297,1164,44,1.232653061,0,serve4
1819,Steve D Lintern,M,1,108,21.85670958,7,4,4,2,2,3,575,1237,54,1.705521472,0,serve4
3711,Jack H Donald,M,2,114,0.063011375,4,9,1,1,3,0,874,1081,40,1.43030303,0,serve4
4128,Duncan V Wingard,M,1,114,0.524165556,17,13,1,0,0,3,915,518,61,0.64171123,0,serve4
7558,Nicholas L Black,M,1,114,0.191205557,9,20,2,1,3,3,703,255,36,1.306930693,0,serve4
5083,Adolph   Thomas,F,1,84,0.574932408,4,15,2,2,0,3,717,1381,44,0.863013699,0,serve4
6023,Robert O Spence,M,1,162,0.293565716,9,24,2,2,0,0,891,939,54,0.527607362,0,serve4
104,Carl C Anderson,M,2,96,0.721840289,18,11,2,2,2,2,236,732,62,0.669724771,0,serve4
1079,Hillary T Marshall,M,2,132,0.121905955,8,21,3,1,1,2,1027,936,57,1.829787234,0,serve4
1090,Pele Q Hodges,M,1,120,0.13290087,11,14,2,2,0,3,1131,923,28,1.130952381,0,serve4
7206,Richard N Wilks,M,2,114,0.502602877,13,19,3,2,2,0,319,1274,54,1.68,0,serve4
3921,Leo X Lee,M,1,96,0.317747612,16,23,2,2,1,1,259,511,59,1.154471545,0,serve4
2666,Judith Z Hunt,M,1,108,0.173565724,7,24,3,1,2,3,853,672,31,0.76635514,0,serve4
6094,Stanford V Shaw,M,2,132,0.265908499,17,21,3,1,3,1,454,1346,46,1.073170732,0,serve4
1218,Irene Q Rhodes,F,2,102,0.189078032,0,17,3,1,0,3,420,1275,27,1.336956522,0,serve4
452,Goldie J Robinson,M,2,150,0.643282214,0,16,4,1,1,1,470,716,24,1.519607843,0,serve4
4472,Cindy L Jhonson,M,2,102,1.333291848,19,22,2,0,1,2,552,563,27,1.641791045,0,serve4
2188,Daniels Q Smith,M,1,108,0.044862156,14,5,2,1,3,2,1057,634,25,1.680981595,0,serve4
759,Goldie A Baxter,M,2,144,1.98817497,18,15,2,0,2,1,308,915,48,1.714285714,0,serve4
1166,Neal E Rutherford,, .,90,0.156333118,5,10,4,0,1,0,620,1350,36,0.375,0,serve4
3042,Tim K Cooke,F,2,114,0.191581175,14,20,1,1,3,2,374,1166,52,1.289156627,0,serve4
1065,Clarke C Morton,F,1,72,14.15079051,10,18,3,2,1,2,322,520,52,1.266331658,0,serve4
2163,Martin Y Brown,M,1,162,0.047143779,14,12,4,1,1,0,690,1199,30,1.281045752,0,serve4
413,Jhon H Ricardo,M, .,90,0.176459303,18,7,3,1,2,2,422,1267,35,1.022222222,0,serve4
2727,Augustine A Grant,F,1,138,0.71824848,9,14,3,1,1,3,705,680,42,1.095477387,0,serve4
3488,Leo E Eastwood,M,2,102,0.421416337,12,16,4,0,0,1,871,821,59,1.734177215,0,serve4
4056,Clifford P Murray,M,2,180,0.591214232,19,19,3,1,0,1,469,934,56,0.787878788,0,serve4
30,Christine L Adams,M,1,108,2.505630678,1,22,2,1,2,0,1099,1001,25,1.233333333,0,serve4
5262,Arlene A Jones,M,2,132,0.112646895,17,19,4,2,0,0,737,536,44,0.51908397,0,serve4
2545,Tom   Stuward,M,1,90,0.579402267,2,7,2,0,3,0,935,931,28,0.828025478,0,serve4
1223,Sumantha B Dsilva,M,2,102,0.288854064,9,19,4,1,0,2,428,813,50,0.575163399,0,serve4
3626,Amy P Atkins,M,2,90,0.574575733,6,1,3,0,2,3,1021,339,32,1.066666667,0,serve4
4094,Steve D Rogers,F,2,150,0.109255917,8,12,1,1,1,1,835,457,60,0.625,0,serve4
764,Britta R Ricardo,M,2,216,2.876728973,2,20,2,0,0,1,1099,1081,60,1.393258427,0,serve4
5848,Sumantha F Morton,F,1,90,1.898898866,3,7,2,1,2,2,1117,588,38,1.485294118,0,serve4
4950,Steve E Brown,M,2,114,0.906410426,12,7,2,1,1,1,297,1075,58,0.973684211,0,serve4
6217,Keith E Shaw,M, .,156,0.615726517,22,30,1,0,0,2,932,405,27,1.49132948,0,serve4
7720,Michelle R Connor,M,2,42,0.755385394,1,22,4,1,3,0,978,576,51,1.615384615,0,serve4
1789,Jeanine G Nicholson,F,2,156,0.571746648,20,10,3,1,3,3,624,353,61,2.01459854,0,serve4
2070,Rhonda G Ricardo,, .,102,0.616169109,14,11,3,0,3,2,839,858,37,1.403361345,0,serve4
1367,Jhon T Norton,, .,108,0.697389986,2,16,3,0,1,2,962,905,56,0.626506024,0,serve4
1760,Ana K Green,F,2,174,0.752749487,21,9,2,1,1,1,664,784,46,1.311827957,0,serve4
7542,Jane M Hadley,F,1,180,0.12801005,1,16,2,1,0,1,1139,1197,30,0.768361582,0,serve4
7262,Jim E Howarth,M,2,108,3.550891547,14,24,1,1,1,1,953,874,27,1.708609272,0,serve4
3523,Adolph R Winters,M,2,162,0.358604016,7,21,2,0,2,0,1079,1021,37,2.422535211,0,serve4
3792,Phil O Renne,F,1,102,0.356771577,5,5,2,2,1,3,1093,1043,37,2.247191011,0,serve4
6760,Jane A Besser,M, .,114,0.577870899,12,6,2,0,0,1,936,1137,37,0.403669725,0,serve4
5317,Stanley L Ricardo,M, .,150,0.588903081,5,14,2,0,0,2,1049,1126,56,1.156069364,0,serve4
2563,Ralph F Norton,M,1,102,16.03999642,8,5,3,1,3,1,306,816,33,0.923076923,0,serve4
6211,Pauline M Taylor,M,1,138,0.322270833,21,25,3,1,2,0,985,557,30,0.951871658,0,serve4
814,Goldie F Renne,F,1,108,0.100590877,2,24,3,1,1,2,879,596,22,1.483870968,0,serve4
2649,Alysia K Murdoch,M,2,114,0.844625099,10,9,2,1,0,0,990,1356,60,0.46969697,0,serve4
5629,Larry V Thomas,M,2,108,0.576148262,17,23,4,1,2,1,1147,1211,49,1.117948718,0,serve4
4919,Leo C Waugh,M,1,186,8.937428688,28,19,2,1,1,3,1189,450,53,1.025,0,serve4
6988,Jill G Wingard,M,2,162,0.033133388,21,20,4,2,1,3,750,326,54,0.8,0,serve4
337,Marilyn R Turner,M,1,144,0.629627986,12,23,2,2,2,0,207,305,27,1.695121951,0,serve4
5648,Carl I Wright,M,2,114,0.9458411,14,17,2,1,1,0,1024,819,33,1.730769231,0,serve4
1718,Harry Z Flower,M,1,156,1.285206875,14,22,4,1,3,3,1001,1050,37,0.744827586,0,serve4
3103,Debra G Anderson,F,2,120,0.443118679,17,10,1,2,2,2,410,451,47,1.879194631,0,serve4
1322,Robert N Waugh,F,1,120,0.452575366,13,24,2,1,0,0,763,1127,51,0.482758621,0,serve4
4596,Phil E Mcintyre,F,2,96,1.653449794,21,13,4,0,1,2,413,1214,51,1.2,0,serve4
7055,Desmond M Shaw,M,2,132,0.987647175,11,9,3,1,2,1,1131,570,54,1.259259259,0,serve4
1947,Harry R Albright,M,3,114,2.997988596,22,3,3,1,2,0,675,1354,57,1.155339806,0,serve4
7308,Jack B King,M,1,120,1.936643291,16,25,2,1,1,2,337,1046,59,1.690322581,0,serve4
2688,Steward S Fleming,F,2,90,0.481241181,20,11,4,2,2,2,210,1303,28,1.693023256,0,serve4
2383,Gregory   Hunt,F,1,72,0.043466214,31,22,1,1,2,1,386,971,57,1.631578947,0,serve4
575,Dillon M Fisher,M,1,132,3.009101066,0,21,2,1,0,1,541,1395,61,1.10989011,0,serve4
153,Desmond A Powell,F,1,168,0.230838638,29,22,4,2,2,1,566,1378,41,0.994535519,0,serve4
4005,Cameron U Taylor,M,2,150,0.426389789,19,7,2,2,1,3,348,1092,26,1.575418994,0,serve4
5294,Leo H Flower,M,2,120,0.497025934,14,13,4,1,2,3,529,955,28,0.782945736,0,serve4
3699,Larry V Bradley,M,1,120,3.675818503,4,18,4,0,2,2,1172,1299,26,2.598130841,0,serve4
3202,Pele H Hunt,M,1,102,0.004084425,19,14,1,1,2,1,1083,465,31,1.01980198,0,serve4
1611,Clint E Lowe,M, .,90,0.514863054,3,19,3,2,1,2,240,1290,29,0.778443114,0,serve4
2236,Gregory P Morgan,M,1,120,17.07454755,17,17,2,1,0,1,950,844,49,1.934640523,0,serve4
7567,Pauline Q Potter,M,2,120,1.931410998,1,4,2,1,1,2,814,304,46,1.084444444,0,serve4
1883,Chelsea A Rhodes,M,2,162,0.527500062,12,14,1,1,2,2,1130,853,27,1.344262295,0,serve4
6796,Larry A Norton,F,1,90,0.469773977,12,7,3,1,0,2,890,232,62,1.722891566,0,serve4
180,Ignatius V Ricardo,F,1,150,0.228217834,14,19,2,1,0,0,560,1142,26,1.84,0,serve4
6517,Brian B Rhodes,F,2,126,4.701901492,14,3,3,1,2,0,488,503,35,2,0,serve4
2403,Ignatius   Connor,M,2,114,1.73602169,19,8,1,2,0,2,878,1203,51,2.107784431,0,serve4
7701,Demie X Fisher,M,1,162,0.844724772,14,12,1,0,2,0,987,798,23,0.73015873,0,serve4
1813,David K Spear,M,1,114,0.307107324,21,25,3,2,2,2,823,833,36,1.520467836,0,serve4
7472,Kristin T Howarth,M,1,120,0.106299963,16,15,1,2,2,3,821,1114,51,2.47706422,0,serve4
3574,Alexandria P Robinson,F,2,90,1.023340912,6,1,1,1,1,1,237,749,35,0.956521739,0,serve4
4304,Clive B Thomas,F,2,96,4.339820991,9,11,2,1,3,2,555,1394,61,1.464285714,0,serve4
3547,Ana C Brown,M,1,150,5.475743264,4,24,2,0,2,3,639,478,42,0.757894737,0,serve4
4848,Paul O Grant,M,2,144,0.227874271,9,14,1,1,2,0,1176,1229,36,1.388535032,0,serve4
6745,Jim U Barlow,F,1,96,0.196023242,22,13,4,1,0,3,506,369,26,0.450450451,0,serve4
572,George P Morton,F,1,126,0.317869698,3,7,3,0,0,3,468,362,60,0.9875,0,serve4
770,Stanley M Pott,M,1,114,0.353719827,5,12,3,1,2,1,1127,681,58,1.184782609,0,serve4
2340,Daniels E Warner,M,1,150,0.792756752,2,16,2,2,2,3,339,1340,29,0.767123288,0,serve4
6725,Christine B Roberts,M,1,108,0.122679231,9,7,1,2,2,0,526,1038,37,0.653846154,0,serve4
3994,Jill N Howarth,M,3,108,0.326019163,14,21,4,1,0,0,847,363,34,1.308900524,0,serve4
4877,Hillary W Nicholson,M,3,132,0.043646146,15,10,2,1,1,2,746,959,35,0.888888889,0,serve4
2165,Luke J Bradley,F,1,102,8.811310164,13,3,2,2,1,1,543,725,48,1.08056872,0,serve4
2652,Britney Y Crawford,F,1,108,0.193352176,28,27,2,0,0,3,539,1140,58,1.154362416,0,serve4
5558,Clarke I Bright,M,1,132,0.440938278,4,19,2,1,1,0,421,825,33,0.910994764,0,serve4
1118,Clements N Baxter,M, .,162,0.516377621,4,12,3,1,0,3,965,753,44,0.675555556,0,serve4
5012,Mary U Stuward,M,1,174,0.84711915,6,6,2,1,2,0,334,552,61,1.319838057,0,serve4
5954,Dean X Waugh,F,2,132,0.348966412,11,20,3,0,2,0,972,793,34,0.739583333,0,serve4
322,Brian X Mcintyre,M,2,120,0.507610278,20,19,2,1,1,2,356,1244,42,1.84,0,serve4
6195,Pele V Watson,M,1,144,1.03779527,13,24,2,1,1,3,504,870,31,1.157446809,0,serve4
6950,Jane H Carson,F,2,108,0.448973808,17,7,4,1,1,3,338,1086,39,1.10619469,0,serve4
2049,Alex O Adams,M,2,108,0.019927513,21,9,3,1,2,1,786,1386,40,1.25,0,serve4
148,Brooks U Sanders,M,2,96,0.439258203,13,17,2,2,0,3,400,446,37,0.325358852,0,serve4
1818,Racheal E Anderson,F,2,132,0.596949554,19,15,4,2,1,2,1120,870,27,2,0,serve4
610,Stanley R Wright,M,2,102,0.471163572,5,12,1,0,2,2,1133,677,40,0.5,0,serve4
4998,Keith R Hunt,M,2,132,0.001797459,19,7,4,0,2,2,857,548,60,1.679245283,0,serve4
3027,Desmond M Anderson,M,1,162,1.18662784,32,18,3,0,3,1,239,403,57,0.8,0,serve4
3812,Glorin V Hartley,M,3,120,0.420758444,7,0,3,2,1,2,684,945,54,1.239583333,0,serve4
4201,Jane R King,M,2,120,0.185241248,20,19,3,1,1,1,214,1212,34,1.145833333,0,serve4
459,Ignatius G White,F,1,114,0.930269889,1,9,4,0,1,3,321,1150,42,2.283333333,0,serve4
4582,Howard A Goodman,F,2,72,1.830790055,2,8,1,1,3,1,1168,228,25,2.074626866,0,serve4
6305,Russel N Adams,F,1,156,0.291018874,5,24,2,1,2,2,1084,1241,49,0.776255708,0,serve4
222,Tim U Wilks,F,1,138,0.340719846,0,17,4,1,3,3,734,1305,25,2,0,serve4
5199,Jack B Elder,M, .,102,0.251503082,16,16,2,1,2,2,793,1370,48,0.966789668,0,serve4
6663,Tony I Rogers,M,1,72,0.185184044,3,22,1,1,3,0,943,229,41,1.242424242,0,serve4
4490,Harry J Adams,F,2,108,0.414434119,8,14,2,1,3,2,983,647,44,0.804347826,0,serve4
4265,Augustine T Pearson,M,1,174,0.756186742,16,15,2,0,3,1,1090,1105,62,1.173652695,0,serve4
4878,Suzzane K Fisher,M,1,120,0.344099184,10,17,3,0,1,0,874,1308,29,0.663414634,0,serve4
4034,Steward G White,F,1,126,0.386915804,3,19,3,1,2,3,287,1326,25,0.292134832,0,serve4
3886,Clint W Warner,F,2,126,0.119645768,2,6,3,2,0,1,329,1265,43,1.182320442,0,serve4
3756,Barry R Hartley,M,1,156,1.881668288,14,16,3,0,0,3,452,335,51,0.719626168,0,serve4
2620,Russel X Smith,M,2,114,1.042649085,20,24,2,1,2,2,469,1389,29,1.539215686,0,serve4
4693,Cathy J Richie,M,1,84,1.962379083,12,25,2,1,3,2,709,577,40,2.901408451,0,serve4
7146,Bond C Ricardo,M, .,120,0.221571391,8,23,1,1,2,3,646,1372,48,0.576576577,0,serve4
1555,Ana F Rutherford,M, .,210,0.677441961,20,12,2,0,2,3,731,215,41,0.924444444,0,serve4
2469,Jane B Wallace,M, .,96,2.660580781,1,18,2,1,2,3,1050,327,54,0.945606695,0,serve4
4080,Britta   Maxwell,F, .,108,1.042942512,2,2,2,1,1,0,291,741,39,0.367521368,0,serve4
6652,Daniels S Jhonson,F,2,96,0.011763621,4,10,1,1,2,1,963,1179,36,0.628820961,0,serve4
5103,Goldie F Roberts,M,2,138,0.29104251,5,23,4,2,1,3,439,350,46,1.549132948,0,serve4
5031,Bonnie U Grant,M,1,150,3.867195823,2,16,4,2,3,3,782,920,55,1.541899441,0,serve4
2335,Michelle W Ricardo,M,3,102,1.766961158,19,4,3,1,1,1,285,429,60,1.440860215,0,serve4
6884,Bonnie J Anderson,F, .,144,2.987903039,8,16,3,2,3,1,1040,904,52,1.95,0,serve4
5964,Christina J West,M,1,138,0.632738452,0,10,4,1,1,2,634,762,53,1.543209877,0,serve4
6865,Christian S Crawford,F,1,72,0.846535933,21,17,3,1,2,2,437,281,29,1.068627451,0,serve4
450,Desmond S Lowe,M,1,180,0.267388602,16,11,2,0,1,1,1033,1156,23,1.396825397,0,serve4
2346,Glorin M Jhonson,M,3,162,1.436905874,2,13,2,1,2,2,546,613,26,0.979253112,0,serve4
4953,Clifford S Warner,F,1,150,0.679374697,10,13,3,1,2,2,483,863,24,1.282051282,0,serve4
4482,Elaine   Adams,F,2,120,1.197271889,18,34,3,1,1,2,547,1122,42,1.070422535,0,serve4
100,Clifford J Goodman,F,2,156,1.637738476,11,24,2,2,1,1,768,1039,22,2.028985507,0,serve4
680,Michael S Spear,M,1,108,0.181392856,5,1,2,2,3,2,1017,939,37,1.401273885,0,serve4
4512,Desmond W Carson,F,1,138,0.913479424,21,5,1,1,1,1,911,520,45,1.464052288,0,serve4
3177,Alysia Q Fowler,F,2,126,0.27875583,21,17,2,0,1,0,892,981,58,1.443181818,0,serve4
6855,Jude V Ricardo,F,1,150,10.70239722,11,22,3,1,3,1,593,1386,51,1.06504065,0,serve4
7394,Jhon Q Jones,F,1,78,0.066827568,10,7,2,2,1,1,499,645,54,1.258741259,0,serve4
2562,Amy X Roberts,M,1,168,2.080717709,10,24,4,1,3,0,628,1393,28,0.577114428,0,serve4
6736,Alysia T Warner,M,2,150,2.256352476,5,3,1,0,1,2,1143,837,24,1.358974359,0,serve4
239,Jhonny U Baxter,F,2,132,0.451389352,1,8,2,0,1,3,839,1058,31,0.821256039,0,serve4
1585,Carlin I Grant,M,1,108,0.409045699,8,7,3,2,1,1,927,384,52,0.95049505,0,serve4
5117,Bond Q King,M,2,138,0.182375458,13,3,2,1,0,0,860,908,31,1.321428571,0,serve4
6941,Dillon M Mcintyre,M,1,156,0.06486226,13,23,2,1,0,1,545,411,46,1.764044944,0,serve4
2787,Irene T Fleming,F,1,138,0.610656117,19,15,3,1,1,3,902,982,44,1.675324675,0,serve4
1021,Henry B Cooke,F,2,96,0.277291877,6,21,4,1,3,1,1040,306,32,0.859060403,0,serve4
4967,David D Waugh,F,3,126,0.262627894,16,17,1,1,1,0,725,1327,44,1.711864407,0,serve4
3172,Tony H Moss,F,3,120,0.670057535,21,2,2,0,3,1,952,767,52,2.157894737,0,serve4
6546,Christina Z Albright,M,1,90,0.423792563,0,2,3,1,1,1,572,402,53,1.195767196,0,serve4
5163,Simone E Wallace,M,1,120,0.303058368,1,1,3,1,2,2,961,1024,56,1.742268041,0,serve4
1498,Bernard Z Spencer,F,2,138,0.408948276,7,24,3,1,2,1,319,1021,36,0.855072464,0,serve4
7733,Debra N Barlow,M,2,90,0.103904285,29,18,2,2,0,0,823,390,41,1.190082645,0,serve4
7146,Paul J Hartley,F,1,108,0.204843239,14,10,4,1,2,3,892,1343,25,1.955555556,0,serve4
7565,Brooks Q Winters,M,2,78,0.50905508,17,3,1,1,1,3,960,365,51,0.989247312,0,serve4
3835,Madonna F Murdoch,M,2,108,2.989921372,11,12,2,0,2,0,988,1094,50,2.893203884,0,serve4
7070,Debbie H Hawkins,F,2,126,8.393200784,9,2,3,1,3,0,1073,882,34,1.125541126,0,serve4
430,Russel H Mcintyre,M,2,90,0.425783371,22,21,1,2,2,3,521,1199,37,1.648241206,0,serve4
3626,Madonna F Wilkinson,M,2,96,0.021671743,1,6,1,1,0,0,265,621,57,0.374045802,0,serve4
6949,Cathy W Lowe,M,2,102,0.371201935,18,11,3,0,2,0,1100,674,23,2.054794521,0,serve4
5543,Robert   Norton,M,1,138,0.405816217,20,13,1,1,2,2,1189,885,44,0.923076923,0,serve4
2232,Brooks K Baxter,M,1,138,0.496901767,2,15,1,0,1,1,885,675,31,1.883333333,0,serve4
5735,Jhonny S Hadley,F,2,156,0.176320015,14,24,3,0,2,3,244,905,42,0.896103896,0,serve4
4981,Michael U Ricardo,F,1,120,0.563835385,18,20,1,1,3,3,1042,486,35,1.815789474,0,serve4
6074,Bonnie N Rogers,M,1,126,2.681738865,16,4,2,1,3,1,237,1365,34,0.975,0,serve4
3761,Tom Y Wright,M,1,126,1.591244016,19,9,3,1,2,0,939,1178,31,1.449438202,0,serve4
1792,Cathy D Goodman,F,2,96,4.344571988,21,22,4,1,3,2,851,1099,62,1.022222222,0,serve4
2517,Currie O Wood,F,1,90,0.318833273,7,22,1,1,1,0,855,1321,60,1.67251462,0,serve4
7612,Larry U Fleming,F,2,162,1.228910749,5,23,2,0,1,1,308,843,27,1.616438356,0,serve4
5388,Alex J Robinson,M,2,114,0.512585336,11,19,1,0,1,3,1033,952,52,1.088888889,0,serve4
6537,Alysia E White,M,2,84,0.534637322,6,25,4,1,2,0,239,322,36,0.711610487,0,serve4
1207,Tony K Winters,F,1,144,0.351152001,11,21,1,1,1,1,319,1076,27,1.838509317,0,serve4
50,Pele L Birch,F,1,102,3.202298948,9,11,3,1,3,0,248,921,56,0.557077626,0,serve4
5688,Glorin L Adams,F,1,90,0.126761838,9,6,2,1,0,0,341,867,60,1.012765957,0,serve4
3767,Sam B Morton,M,2,108,0.416174451,0,9,3,1,2,2,506,438,54,0.732026144,0,serve4
5746,Bernard Z Albright,M,2,102,0.113974017,13,16,3,1,2,0,1118,1325,34,0.825870647,0,serve4
694,Bonnie B Wood,M,2,138,1.841566731,11,25,1,1,3,3,837,457,47,1.68,0,serve4
7279,Jane O West,M,2,114,1.479391018,1,6,2,2,0,3,904,1102,31,2.317757009,0,serve4
2455,Adam H Hadley,M,2,126,0.478375818,9,13,3,1,2,3,979,684,55,0.806818182,0,serve4
5598,Carl D Gonsalves,M,1,156,0.045144034,11,1,2,1,2,2,755,1359,34,1.649717514,0,serve4
5278,Carl A Wallace,F,2,102,0.127431496,6,9,1,0,2,3,345,666,28,1.340425532,0,serve4
6184,Ignatius M Green,F,2,120,1.977766369,16,0,3,1,0,0,708,758,58,0.565656566,0,serve4
1097,Solomon W Wilkinson,M,2,120,1.458802999,8,10,2,0,0,1,284,470,58,2.267716535,0,serve4
2240,Clarke T Potter,F,1,90,0.330589791,7,4,4,1,0,0,384,1012,51,1.246575343,0,serve4
732,Demie V Green,M,1,96,1.570216617,5,23,3,2,1,0,303,648,54,1.490909091,0,serve4
7531,Nicholas J Gonsalves,M,1,78,0.519356751,12,10,3,1,1,3,856,708,26,0.361809045,0,serve4
1498,Suzzane Q Atkins,M,1,150,0.783355074,17,12,3,0,3,2,697,1077,56,1.877300614,0,serve4
2817,Christina I Welsh,M, .,114,0.06293689,7,13,3,0,3,2,630,433,29,0.657894737,0,serve4
1878,Jeanine W Brown,M,1,126,1.218302484,3,13,3,0,1,0,1126,906,34,1.464788732,0,serve4
4701,Ian Q Birch,M,2,132,0.000342321,17,5,2,2,3,3,697,1035,59,1.706896552,0,serve4
1802,Steward I Robinson,F,2,108,1.606927286,1,9,4,1,3,3,928,622,45,0.846511628,0,serve4
3368,Racheal K Anderson,M,2,108,0.906840762,14,23,2,2,1,3,1141,1156,36,2,0,serve4
4982,Larry O Donald,M,3,96,0.533897543,20,7,2,1,2,3,278,1111,53,2.2,0,serve4
3112,Keith Y Flower,M,1,78,1.431002691,18,25,3,1,2,2,666,1158,43,0.908296943,0,serve4
2275,Bond N Bradley,M,2,78,0.540095709,5,13,4,1,1,2,408,483,38,0.708074534,0,serve4
2487,Daniels L Eastwood,M,2,132,0.575434436,8,5,1,2,3,2,1042,1150,36,1.234782609,0,serve4
4659,Stanley U Crowe,M,2,102,0.189466877,10,12,1,0,2,0,708,914,24,1.545454546,0,serve4
7561,Simone R Howarth,M,1,162,0.101000805,29,24,3,0,2,0,423,504,34,1.082125604,0,serve4
2835,Sally S Albright,M, .,48,0.011617104,8,15,2,2,1,3,1080,1328,49,1.010416667,0,serve4
7540,Racheal T Lee,F,2,144,0.054519073,17,4,3,1,0,0,441,507,54,0.484848485,0,serve4
863,George S Lara,F,2,96,0.469629707,7,1,2,2,2,3,281,660,52,2.095238095,0,serve4
3677,Phil Q Taylor,M,1,120,0.083462672,15,20,2,1,2,0,725,1320,41,1,0,serve4
1093,Pauline A Pott,M,1,138,8.029325957,7,16,2,2,1,3,925,1303,41,1.469387755,0,serve4
4904,Judith Q Goodman,M,1,162,0.502928464,21,12,2,1,2,2,1142,565,27,0.892561984,0,serve4
6906,Demie X Howarth,F,2,120,1.8557079,18,24,2,1,2,3,888,836,59,1.132075472,0,serve4
1751,Jeremy J Spence,M, .,78,1.305103123,1,21,4,0,1,3,881,867,35,1.006369427,0,serve4
3854,Jeremy M Dsilva,M, .,90,0.61756931,30,15,2,0,2,2,1180,1248,49,1.073891626,0,serve4
3075,Ralph F White,F,2,78,0.576816605,20,17,1,1,0,2,556,669,35,0.928571429,0,serve4
3537,Jhon W Richie,M,2,108,54.19067495,13,2,3,0,3,3,652,1073,46,1.909090909,0,serve4
3263,Clements A Pearson,F,2,120,0.420166952,8,2,3,1,1,1,322,1266,32,0.98019802,0,serve4
1339,Sally V Brown,F,2,138,3.077147243,20,8,2,1,3,2,1141,658,37,2.507246377,0,serve4
3445,Adolph S Hartley,F,1,102,14.6205097,32,28,2,1,0,3,473,234,24,1.298507463,0,serve4
4600,Dean F Stuward,F,2,132,0.587118944,13,23,2,0,2,3,552,1034,28,0.647398844,0,serve4
3621,Arlene H Jackson,M,1,162,3.401470644,8,10,3,2,1,0,956,1218,28,1.375,0,serve4
6988,Judith B Murray,F,2,96,0.445229535,10,16,4,1,2,2,347,729,36,1.822580645,0,serve4
201,Daniels N Fowler,F,2,132,0.411257649,6,19,4,2,0,1,370,726,57,1.083333333,0,serve4
2839,Simone   Taylor,M,2,78,0.447901611,22,21,3,2,3,2,1027,460,58,0.576470588,0,serve4
4405,Ralph K Spear,F,1,132,0.220055082,18,19,3,1,3,1,824,687,50,1.788235294,0,serve4
1381,Debra R Dsilva,F,1,90,0.040440684,20,22,1,1,0,1,754,535,57,0.295238095,0,serve4
1017,Tony X Murdoch,M,1,126,1.463998065,17,16,1,1,1,1,1128,1063,49,0.950226244,0,serve4
1061,Tom C Wingard,M,2,138,0.177017788,16,17,2,0,2,3,1175,941,27,1.292307692,0,serve4
4685,Jeremy Z Jackson,M,2,90,0.980579141,13,16,2,1,1,0,395,465,42,1.855421687,0,serve4
784,Adolph L Lintern,F,2,96,0.278733907,17,19,3,0,2,1,316,223,60,0.690265487,0,serve4
1603,Alysia U Murray,M,2,126,0.426346167,13,8,3,2,1,1,1185,701,37,1.168421053,0,serve4
1134,Clive Q Waugh,M,3,150,3.47413398,3,9,2,1,1,2,455,229,39,0.779342723,0,serve4
3115,Brian Y Grant,M,3,126,22.5635903,12,20,2,2,2,0,556,972,52,1.414364641,0,serve4
194,Bernard V Richards,M,2,126,0.380361643,1,20,2,1,1,2,547,654,27,0.637681159,0,serve4
1206,Mary H Roberts,F,2,114,0.287346235,21,14,1,2,0,1,373,908,42,1.321637427,0,serve4
572,Christian H Winters,M,1,126,0.500440841,3,18,3,0,1,1,531,465,23,1.234567901,0,serve4
5203,Carl H Donald,M,2,120,0.232821771,13,12,1,2,2,0,428,761,27,1.127272727,0,serve4
456,Gregory U Maxwell,M,1,102,0.948304286,19,3,4,1,0,3,1173,345,27,1.351955307,0,serve4
7239,Tim P Brown,M,2,102,0.173868299,30,27,3,1,1,1,877,599,46,2.198473282,0,serve4
5580,Richard K Gonsalves,M,1,186,0.081384834,25,27,2,1,1,1,231,504,41,2.164383562,0,serve4
3604,Ralph T Flower,M,1,120,0.35308731,30,25,3,1,1,1,887,1099,34,1.56,0,serve4
4249,Michelle T Thomas,M,4,138,0.595627065,8,24,4,1,3,2,732,274,52,1.258823529,0,serve4
4646,Tony Q Gray,M,6,84,0.133338076,19,10,4,1,2,3,1142,773,43,0.396039604,0,serve4
2077,Henry W Thomas,M,2,120,0.968707431,2,3,1,2,1,0,946,218,33,0.961038961,0,serve4
4181,Brian O Green,M,2,108,0.445814402,14,5,3,1,3,0,396,482,54,1.130890052,0,serve4
1832,Sam M Gray,F,1,114,0.473479389,7,23,3,1,3,0,1141,314,59,1.338345865,0,serve4
1073,Tom   Bright,F,3,144,0.319113623,7,20,1,2,2,0,337,761,49,1.373134328,0,serve4
3464,James O Walter,M,2,138,0.162486441,16,13,2,0,2,3,634,687,30,1.098039216,0,serve4
6483,Richard P Wingard,F,1,132,0.17791985,19,17,1,2,2,2,1168,572,40,0.947826087,0,serve4
169,Jeremy N Wilks,M,2,96,0.608239388,2,16,2,0,1,0,942,689,36,0.370909091,0,serve4
4633,Sally U Morgan,M,2,102,0.126230146,21,7,3,1,1,3,346,967,60,1.685714286,0,serve4
1324,Jerry Y Lee,M,2,114,0.003167771,19,19,3,0,2,3,654,1167,52,0.835820896,0,serve4
7375,Tom D Walter,F,6,126,0.44539429,14,9,3,1,2,2,681,1377,48,0.942857143,0,serve4
1219,Jill Z Botham,M,1,102,17.16010956,10,20,2,1,2,3,997,911,27,0.806451613,0,serve4
794,Currie S Bradley,M,2,120,0.781624712,17,23,1,2,3,0,1073,578,56,1.012048193,0,serve4
3825,Sumantha N Spencer,M,2,114,0.663505265,18,5,2,1,2,2,882,770,42,0.896551724,0,serve4
564,Augustine A Moss,M,1,120,0.256177835,7,17,2,0,2,3,306,609,30,1.432989691,0,serve4
500,Stanford N Fowler,M,2,144,0.308842585,19,19,3,0,0,3,1185,1112,46,0.972332016,0,serve4
7511,Kristin V Smith,M,2,84,0.630108485,1,8,1,2,1,0,1106,467,24,1.588652482,0,serve4
1401,Martin S Elder,M,1,102,0.044665821,4,15,4,2,1,0,532,1263,22,1.808219178,0,serve4
1217,Alexandria W Donald,M,3,90,5.710561412,6,23,3,1,2,1,408,306,42,1.755102041,0,serve4
7429,Clements F Pearson,M,3,96,0.399040631,17,18,3,1,3,0,404,1086,55,1.064220184,0,serve4
4255,Richard Z Lintern,M,1,144,3.462756043,2,2,2,0,2,1,984,483,45,1.845070423,0,serve4
4721,Clifford Q Lowe,M,2,174,0.188039679,20,5,3,2,1,0,681,456,25,0.596330275,0,serve4
6546,Barry E Morton,M,2,120,1.498884543,9,22,1,2,2,2,559,1285,53,1.408,0,serve4
6605,Larry E Hunt,F,2,144,0.380113411,11,11,3,0,2,3,942,515,22,2.434108527,0,serve4
4743,Adam U Fisher,M,2,114,1.790558435,6,8,2,1,2,3,718,504,25,1.462686567,0,serve4
1109,Cathy S Lara,F,2,84,0.51576289,13,15,1,1,0,0,480,285,28,2.387096774,0,serve4
3560,Hendrick D Murray,M,1,114,3.091848214,10,0,2,1,2,0,206,729,28,2.018018018,0,serve4
1173,Britta J Hunt,M, .,90,0.531270153,0,8,2,0,0,1,748,326,61,1.135135135,0,serve4
2733,Alysia G Eastwood,M,2,132,0.93520086,11,6,3,0,2,3,635,811,30,0.775510204,0,serve4
1992,Luke O Smith,M, .,156,0.398015428,17,18,1,2,3,3,229,247,46,1.295652174,0,serve4
3176,Nicholas A Bradley,M, .,90,0.679496715,4,14,4,0,0,1,1059,867,49,0.675159236,0,serve4
6325,Anne O Moss,M, .,132,0.132661219,21,9,3,1,3,0,878,1154,23,1.543478261,0,serve4
5714,Britta N Howarth,M,2,114,0.825217805,5,17,2,0,1,1,314,702,61,1.297709924,0,serve4
4685,Clifford E Hadley,M,4,120,12.8239404,14,4,1,0,0,2,853,1264,42,0.686567164,0,serve4
2985,Jane K Pott,M,2,144,0.37415288,4,17,4,1,1,1,724,1058,57,1.985714286,0,serve4
6414,Cummins O Watson,F, .,144,0.287313863,3,3,3,1,3,3,223,252,61,1.608108108,0,serve4
7473,Alexandria M Jackson,F, .,126,0.025272542,15,1,3,0,1,2,1131,349,47,1.323076923,0,serve4
4569,Colin Q Elder,F,1,108,5.712870218,4,8,2,1,0,2,213,1242,48,1.076923077,0,serve4
752,Steve A Maxwell,F,1,216,0.243744702,10,23,4,1,0,0,1114,857,30,1.742331288,0,serve4
6641,Sumantha E Mcintyre,M,1,126,1.290877478,5,1,3,1,2,0,444,1353,41,1.650655022,0,serve4
902,Judith S Hartley,M,6,78,0.968109221,12,16,1,2,3,3,640,595,26,1.389162562,0,serve4
6710,Harry L Whitehall,F,1,114,0.022068544,18,14,3,0,1,2,1159,743,55,0.547085202,0,serve4
2329,Nicholas Z Nicholson,M,2,150,0.080041565,7,20,3,1,1,0,1065,1180,29,1.84079602,0,serve4
4239,Jerry G Cooke,M,1,144,1.006497842,14,16,2,0,2,0,1163,1292,37,1.147368421,0,serve4
2005,Suzzane Q Murray,F, .,138,0.147937685,9,5,2,1,1,0,1187,1284,39,1.686486487,0,serve4
4935,Steward L Baxter,F, .,138,0.898573876,0,23,2,2,1,3,863,874,31,1.493087558,0,serve4
108,Irene V Spear,F, .,66,0.201668248,10,9,1,0,2,2,244,1088,45,0.933333333,0,serve4
5361,Jerry E Pearson,F, .,90,0.452706156,15,13,3,0,2,1,610,1081,44,0.566523605,0,serve4
6414,Suzzane G Baxter,F, .,150,0.559577608,19,15,4,1,1,2,1108,301,37,1,0,serve4
5809,Sally U Gibson,F,2,114,0.613731765,6,23,3,2,3,3,500,467,35,1.5,0,serve4
4977,Stanford M Winters,M, .,180,0.058355206,5,14,3,2,1,0,842,1385,38,1.875,0,serve4
3703,Leo Q Stuward,M,1,114,0.60575563,10,15,1,0,0,0,1174,1143,35,1,0,serve4
486,Dean L Cook,F,1,150,0.872436573,14,18,2,1,2,0,1021,378,49,1.845360825,0,serve4
1515,Arlene   West,M,1,108,0.275702918,20,23,3,1,2,0,1145,517,30,1.213483146,0,serve4
1881,Carl   Lee,M,1,108,0.759047269,5,24,3,2,1,1,701,971,53,1.409836066,0,serve4
6336,Alysia S Fleming,F,1,138,0.77352915,14,3,3,0,3,3,485,480,29,1.447368421,0,serve4
7563,Clara J Gibson,F,1,114,1.976601539,13,22,1,1,0,2,976,1126,25,1.402061856,0,serve4
1792,Stanford X Carson,F,1,114,16.31019594,17,10,3,2,0,1,873,1215,35,1.08056872,0,serve4
7137,Jeanine Z Turner,M,1,84,0.116333805,13,12,2,1,1,1,759,379,42,1.93258427,0,serve4
4597,Clive E Fisher,M,1,120,0.089471712,20,24,3,2,0,0,356,1266,40,1.227848101,0,serve4
214,Ian F Bright,F,2,126,0.369991437,7,10,3,0,0,1,716,1086,44,2.701754386,0,serve4
897,Brooks P Morton,M,2,84,0.490141056,15,13,2,1,1,2,708,753,43,1.467391304,0,serve4
3408,Ana   Pott,M,2,168,0.392635935,11,10,3,2,1,3,304,1137,53,1.391304348,0,serve4
6982,Barry K Lyod,F,2,174,1.181726282,3,13,3,1,0,2,509,1182,60,1.015384615,0,serve4
2033,Sally V Atkins,F, .,132,0.585441315,7,11,3,0,1,3,227,836,40,1.451327434,0,serve4
5508,Alex U Hadley,F, .,150,0.454427941,9,1,3,1,1,2,308,1351,37,1.209302326,0,serve4
4990,Cummins   West,M,2,138,0.037026496,7,15,1,1,2,0,796,293,41,0.991869919,0,serve4
6911,Clive X Wilkinson,M,3,96,0.176840057,22,23,3,0,0,3,852,801,40,1.581699346,0,serve4
4871,Paul A Anderson,M,2,138,0.438726125,14,12,1,2,2,3,1080,562,45,0.946859903,0,serve4
6731,Phil R Morton,F,1,126,0.300754839,17,13,3,1,0,1,807,1271,53,0.914285714,0,serve4
4843,Britney E Gray,M,2,108,11.96073383,15,23,2,2,3,3,1174,1247,32,0.915966387,0,serve4
2715,Augustine J Anderson,F,1,114,0.425672666,1,8,3,2,2,2,544,770,50,1.217391304,0,serve4
7631,Desmond   Dsilva,M,1,120,0.69166558,20,3,3,0,1,1,522,708,52,0.766423358,0,serve4
2419,Britta D Carson,F,2,108,1.463217023,0,11,2,2,3,1,855,783,38,2.503703704,0,serve4
7653,Dillon Q Lowe,M,2,108,0.300420342,18,1,3,0,0,3,612,688,40,1.397590361,0,serve4
4196,Gregory F Black,M,2,132,0.304021792,13,15,2,2,1,2,1167,668,54,1.362068966,0,serve4
860,Ralph Y Cook,F,2,138,3.686650403,26,20,3,1,2,1,1057,1029,62,1.825396825,0,serve4
5249,Stanley F Whitehall,F,2,144,0.291507921,2,24,2,1,0,1,1023,764,58,1.984732824,0,serve4
2111,Brooks R Potter,F,2,108,1.264773307,2,5,3,1,2,3,970,290,59,2.330434783,0,serve4
1865,Harry J Spear,F, .,132,1.259429795,13,6,3,1,0,3,437,365,50,1.126760563,0,serve4
5709,Russel I Walter,M,1,66,1.309778842,13,3,2,2,2,0,598,322,44,0.495934959,0,serve4
96,Pauline U Mcrae,F,2,144,0.352351715,6,3,1,2,1,3,934,564,41,1.034482759,0,serve4
3421,Brooks I Rhodes,F,1,102,0.304261848,13,6,1,2,1,0,1177,576,53,2.12962963,0,serve4
6246,Gregory J Watson,F,1,96,0.553482187,10,14,3,0,1,1,360,639,50,1.738562092,0,serve4
6415,Ralph Y Wood,M,2,120,0.529134183,4,1,2,2,2,0,232,1328,36,0.864197531,0,serve4
5821,Michael G Maxwell,M, .,78,0.457881312,16,20,3,1,0,0,649,433,23,1.171052632,0,serve4
4316,Elaine Q Fleming,F,2,138,15.9952112,1,23,3,1,1,3,1062,575,40,1.70212766,0,serve4
581,Paul F Connor,F,2,84,0.484532206,13,21,3,1,1,0,684,370,57,1.028901734,0,serve4
3066,Paul K Bradley,M,1,90,0.570722455,13,22,3,1,3,3,1155,402,34,1.356725146,0,serve4
3009,Colin M Powell,F,2,108,0.322829379,4,23,3,1,1,3,1168,1016,33,0.953703704,0,serve4
7541,Tom A Fowler,M,1,120,1.132104445,16,18,3,1,2,2,452,307,50,1.494117647,0,serve4
5855,Kristin K Lara,M,2,144,0.130987434,17,12,1,2,1,0,429,1296,32,1.077844311,0,serve4
1298,Carl B Botham,M,2,90,0.098941604,8,22,2,0,1,1,919,1047,60,0.235772358,0,serve4
5780,Clint T Hodges,F,2,156,0.189292163,15,15,2,2,0,3,986,881,24,1.074766355,0,serve4
2920,Glorin T Thomas,F,1,120,3.714730173,17,19,2,0,0,1,620,388,56,1.158469945,0,serve4
432,Rhonda W Ricardo,F,3,144,0.472820612,20,2,2,2,1,0,1145,568,56,0.428571429,0,serve4
2925,Amy U Lowe,M,1,78,0.404151503,1,18,2,1,1,3,493,548,56,0.837209302,0,serve4
2294,Jack B Nicholson,M,1,132,0.889194717,20,9,2,0,2,1,490,853,60,0.70995671,0,serve4
203,Steve I King,F,2,114,0.098386302,18,22,1,0,0,1,750,1273,42,2,0,serve4
3775,Clint U Grant,M,2,84,1.026303013,7,0,3,2,1,1,625,496,50,0.914979757,0,serve4
1301,Simone M Norton,M,2,150,1.658106771,8,21,4,2,3,0,1138,742,31,1.369230769,0,serve4
399,Henry V Fisher,M,1,114,0.216504218,13,18,2,1,1,1,213,749,23,1.028571429,0,serve4
5432,Henry R King,M,1,120,0.262985839,15,16,2,2,1,0,555,600,33,2.313253012,0,serve4
7049,Harry K Hodges,M,1,144,0.003132089,28,18,4,1,1,2,1107,1337,62,1.271604938,0,serve4
1282,Cindy T Lintern,F,1,138,0.353063095,18,23,1,1,0,1,888,362,54,0.613065327,0,serve4
2309,Nicholas T Hunt,F,2,114,0.575989128,13,7,1,1,2,3,420,823,53,1.134831461,0,serve4
7669,Elaine N Gibson,M, .,96,0.56959365,14,4,2,1,1,0,256,546,44,1.596153846,0,serve4
6967,Cummins V Lee,F,1,114,0.493069959,13,12,2,1,2,3,849,521,52,1.373015873,0,serve4
6469,Ralph T Spear,F,1,162,0.684845003,3,16,3,1,2,3,446,415,56,1.042372881,0,serve4
6287,Alex C Gibson,M,2,144,3.641908769,6,21,3,2,2,2,1173,1028,56,0.467005076,0,serve4
4983,Ana V Hodges,F,1,126,6.040029082,20,17,2,1,1,2,542,946,44,0.705882353,0,serve4
1039,Jack U Anderson,M,2,126,0.218929395,2,6,1,1,1,3,279,899,50,1.559139785,0,serve4
3113,Ana D Black,M,3,120,0.388142842,0,4,2,0,1,3,235,527,43,0.807692308,0,serve4
3082,Ralph L Hadley,F,1,102,0.728993141,20,3,2,0,2,3,574,389,28,2.46031746,0,serve4
4980,Adolph B Besser,F,1,96,0.865004086,6,22,3,0,1,0,563,462,24,1.195402299,0,serve4
1886,Gregory S Potter,F,4,138,1.078042287,15,15,4,2,1,0,1174,788,50,0.908296943,0,serve4
1797,Ana J Robinson,F,2,102,0.280244008,18,24,2,0,3,1,352,238,58,1.264367816,0,serve4
4164,Sally O Powell,M,2,132,0.060362569,20,23,2,0,3,1,236,1312,27,1.340909091,0,serve4
4203,Cathy Q Crowe,F,1,90,0.531132993,21,13,2,0,2,0,475,1252,27,2.059701493,0,serve4
2977,Simone K Spear,F,2,102,0.441048704,24,18,1,1,1,0,938,956,54,1.12,0,serve4
6762,Ana E Moss,F,1,144,0.613409414,13,10,3,1,3,0,423,343,37,2.086330935,0,serve4
1150,David B King,F,1,174,0.466875509,5,16,2,2,2,1,796,593,54,1.304761905,0,serve4
3062,Debra L Smith,F,2,114,0.010698753,13,7,2,1,3,1,304,1056,43,2.247787611,0,serve4
4972,Christine B Jhonson,M,1,78,0.328575869,20,5,3,1,3,2,250,854,36,0.897058824,0,serve4
2784,Stanford U Thomas,M,1,120,0.72616524,3,15,1,0,1,1,213,1088,27,1.28440367,0,serve4
2457,Brooks I Whitehall,F,1,180,0.441227572,10,3,3,2,1,0,799,750,60,0.896103896,0,serve4
1921,Jhonny T Taylor,F,4,132,0.780883781,9,7,3,1,3,2,601,361,51,0.657407407,0,serve4
6786,Marilyn T Fowler,F,4,96,0.008118702,10,22,2,1,1,3,761,336,32,3.5,0,serve4
6378,Keith L Dsilva,M,2,144,0.78440516,11,23,1,0,2,2,983,961,62,1.38372093,0,serve4
385,Christian G Turner,M,2,102,0.183118592,20,13,1,2,2,3,607,462,60,0.445454546,0,serve4
6521,Arlene U Jhonson,M,2,132,9.684335548,20,22,3,1,1,0,1070,1109,42,0.807017544,0,serve4
5088,Luke F West,M, .,126,0.811361288,13,20,2,2,1,0,502,1260,62,2.14516129,0,serve4
1128,Michael   Wright,F, .,78,0.74298511,5,24,1,1,0,1,615,641,25,1.783783784,0,serve4
7321,Dillon K Cook,F,2,132,0.356052528,4,19,4,0,3,3,266,595,25,2.113636364,0,serve4
3823,Currie G Mcintyre,M,2,72,0.234047081,2,23,3,2,1,1,1137,837,47,2.230088496,0,serve4
4050,Bond U Baxter,M,5,138,0.368952053,5,19,2,0,2,3,476,1305,23,0.846560847,0,serve4
1717,Alexandria   Jackson,F,2,126,0.372015984,19,4,3,1,1,1,697,428,47,0.350230415,0,serve4
857,Jerry M Wright,M,2,132,0.969196932,5,3,2,1,2,2,1151,440,35,1.52173913,0,serve4
6767,Alysia G Gonsalves,F,2,120,34.49913835,20,13,3,1,3,3,965,864,50,1.561797753,0,serve4
5519,Steve C Besser,F,1,150,0.235812029,19,6,2,1,3,2,1084,882,44,1.402173913,0,serve4
1783,Glorin   Jackson,F,2,90,0.449222372,2,20,2,1,3,2,477,901,51,1.483253589,0,serve4
2585,Helen A Waugh,M,1,126,0.090353113,1,10,3,2,0,3,645,513,36,1.126582279,0,serve4
3262,Debra C Hadley,F,2,126,0.020159966,16,15,3,0,1,0,736,395,57,2.114285714,0,serve4
6105,Stanford U Gray,F,1,114,2.870610255,7,19,1,1,0,3,346,1175,39,2.130177515,0,serve4
711,George   Watson,M,2,126,0.045758831,2,19,3,0,1,0,384,251,30,0.840764331,0,serve4
7276,Mary L Gibson,F,1,126,3.849237201,4,14,4,1,1,1,622,902,35,0.731092437,0,serve4
2907,Keith J Hawkins,M,2,108,0.808203143,13,13,1,2,2,0,432,1028,54,0.865900383,0,serve4
4510,Dillon S Renne,M,2,96,2.44857745,10,19,2,0,1,1,509,505,30,2.309859155,0,serve4
2291,Alex W Mcintyre,M,2,156,4.012528662,7,5,2,1,1,1,493,335,33,0.724637681,0,serve4
4126,Clara X Spencer,F,2,150,0.528958817,21,21,3,0,3,0,450,263,37,1.304,0,serve4
1196,Arlene Q White,M,2,138,0.022503808,15,2,4,2,2,2,833,380,43,1.210191083,0,serve4
1286,Nicholas T Spencer,M,2,102,5.205328674,12,12,2,2,1,1,841,289,35,0.923076923,0,serve4
3389,Larry I Cook,F,2,96,0.370402071,25,16,1,2,0,2,888,996,35,0.337777778,0,serve4
2950,Stanford Y King,M,2,96,0.290879217,6,25,3,1,2,2,680,906,28,0.826815643,0,serve4
1241,Russel L Norton,M,2,90,0.346469523,16,4,4,1,1,0,572,1318,45,0.390697674,0,serve4
321,Britta   Whitehall,F, .,150,0.542561924,17,2,3,2,1,1,624,608,47,1.036144578,0,serve4
5959,Cummins Y Dsilva,F, .,132,0.076151573,18,18,2,2,1,1,702,1266,28,1.167785235,0,serve4
839,George A Eastwood,F,2,108,1.946165589,9,23,4,1,1,3,693,1202,54,0.65,0,serve4
5457,Adolph W Baldwin,F,2,162,0.139676525,20,17,2,2,0,3,905,817,28,0.461538462,0,serve4
887,Russel V Gray,M,1,132,1.556396476,10,20,4,1,0,2,502,1175,34,1.120772947,0,serve4
2585,Pele V Eastwood,F,1,120,0.544922262,23,31,2,1,3,3,507,1311,60,1.107692308,0,serve4
221,Simone A Lee,M,2,90,0.654255554,6,20,2,1,2,3,872,329,54,0.885245902,0,serve4
3022,Steve D Fleming,F,1,144,2.495967947,8,5,2,2,3,0,644,577,34,1.406392694,0,serve4
3671,Tom C Stuward,M,2,72,0.368408438,22,0,4,1,2,2,253,1126,23,0.295566503,0,serve4
1964,Stanford P Winters,F,2,132,0.341164817,3,0,1,1,0,3,705,759,32,1.5,0,serve4
6500,Michelle L Flower,M,2,96,0.471381127,2,4,2,2,0,3,1080,631,46,2.528,0,serve4
2272,Solomon P D'souza,M,1,120,0.282985021,4,14,3,1,1,2,883,810,27,1.134502924,0,serve4
2251,Larry Y Birch,M,1,84,0.345261539,20,3,2,2,3,3,317,575,52,0.950617284,0,serve4
3487,Debbie Q Thomas,M,1,108,0.949851515,16,22,3,0,3,2,367,390,36,0.881632653,0,serve4
2883,Luke J Smith,M, .,84,0.352628006,15,20,4,0,3,1,463,207,32,1.456521739,0,serve4
1728,Judith Y Botham,F, .,120,1.990045317,22,23,3,1,1,3,682,726,60,1.34,0,serve4
6426,Jim I Rogers,F,3,144,0.23784668,3,4,2,1,3,1,663,506,43,2.173913044,0,serve4
802,Tim N Pearson,M,2,102,0.41500702,20,15,4,2,1,0,761,1217,55,1.282608696,0,serve4
7332,Tom H Brown,M,2,132,0.816840345,17,18,4,2,2,1,422,630,61,1.50310559,0,serve4
4088,David X Gonsalves,F, .,102,0.733437261,13,24,3,1,0,3,1136,1332,49,0.849673203,0,serve4
1530,Clarke P Potter,M,2,138,0.80072246,15,24,4,0,2,2,599,203,51,1.230769231,0,serve4
93,Hillary S Ricardo,M, .,114,0.599114872,15,22,2,0,1,0,661,317,51,1.244444444,0,serve4
2185,Ian N Sanders,F,2,126,1.564995841,6,4,2,1,1,2,787,643,45,0.860869565,0,serve4
4804,Martin U Fleming,F, .,102,0.088302453,10,22,3,1,2,2,506,912,57,0.937007874,0,serve4
3767,Pauline W Jhonson,F, .,126,0.008182841,10,14,4,1,2,0,727,287,58,2.018867925,0,serve4
2180,Luke V Waugh,M,2,120,0.00635735,6,18,2,1,2,3,311,1079,56,1.701492537,0,serve4
1266,Brooks Q Pott,M,2,120,0.020413807,2,13,2,1,2,3,804,755,47,1.590361446,0,serve4
5006,David N Elder,M,3,174,0.266061972,5,23,2,0,3,3,612,604,46,1.442424242,0,serve4
1029,Christian M Bradley,M, .,54,0.491124326,9,11,3,0,1,2,382,567,23,1.173913044,0,serve4
2354,Stanley A Grant,M,1,126,0.430100206,18,7,2,1,0,1,825,932,39,1.052631579,0,serve4
7426,Luke M Mcintyre,M,1,138,1.552889225,19,15,2,1,3,0,599,751,26,0.680161943,0,serve4
4472,Alysia G Murray,M,2,90,0.546833486,21,24,2,2,0,2,837,627,45,1.371727749,0,serve4
280,Jane C Jackson,F,2,114,23.19676802,3,23,2,2,0,2,562,536,40,1.258536585,0,serve4
5023,Michelle X King,F,1,132,0.031476981,12,23,3,1,0,0,306,993,48,2.260162602,0,serve4
4910,Madonna Q Baker,M,2,102,18.13706097,19,21,2,1,2,3,772,221,34,1.512437811,0,serve4
7075,Bill X Eastwood,F,5,90,0.423734214,15,23,2,0,2,3,837,1175,58,2.532258065,0,serve4
2727,Simone Y Connor,M,1,150,0.310418964,20,14,1,1,1,1,1047,1377,37,1.460869565,0,serve4
6871,Kristin K Wilks,M,3,102,0.682125692,20,6,2,0,3,2,463,514,41,0.561151079,0,serve4
860,Cindy X Warton,F,1,114,0.526011595,21,4,4,2,3,0,1198,561,57,1.940298508,0,serve4
6692,Luke T Wilks,F,1,102,0.053459603,2,10,1,0,1,3,819,711,25,1.274261603,0,serve4
1318,Tim L Baxter,M,1,150,0.539349995,12,20,1,1,3,0,338,225,23,2.175438597,0,serve4
245,Bond Q Hadley,M,2,102,0.4157512,4,7,3,1,1,2,268,359,47,0.97761194,0,serve4
3128,Kristin K Crawford,F,1,168,0.198783104,16,24,3,1,1,2,369,1247,59,0.706896552,0,serve4
7588,Henry V Bradley,F,1,150,0.593362401,4,1,2,1,1,2,304,443,27,1.311926606,0,serve4
681,Gregory W D'mello,F,1,102,0.297449511,18,12,3,2,1,0,248,1086,45,0.483412322,0,serve4
6845,Clements L Smith,F,1,126,0.082443649,2,15,3,0,1,3,327,304,27,1.407821229,0,serve4
3368,Bill L Baxter,M,2,174,2.384268501,10,17,2,1,1,3,247,1074,36,1.186046512,0,serve4
7475,Clara J Murray,F,2,138,1.695935917,18,23,2,0,2,2,868,843,31,1.338582677,0,serve4
4154,Kristin A Carson,F,1,138,1.813589852,5,22,3,1,2,2,741,878,27,1.761006289,0,serve4
3862,Keith V Murray,F,2,132,0.579704683,12,18,3,1,3,2,863,598,61,0.483018868,0,serve4
64,Elaine J Baxter,M, .,78,0.014020774,19,30,4,1,1,1,291,1348,28,1.127071823,0,serve4
7420,Eve A Mcrae,F,1,102,0.633805261,3,8,4,1,0,2,1133,1272,56,1.57037037,0,serve4
3769,Duncan P Atkins,M,1,102,0.002472206,4,6,1,1,1,3,618,710,35,0.418181818,0,serve4
5933,Jim I Burton,M,2,102,0.52584391,8,22,4,1,2,0,403,569,36,1.362637363,0,serve4
6830,Barry T Hartley,F,2,180,0.905262264,20,24,3,0,1,2,253,994,32,2.047619048,0,serve4
6970,Bond C Albright,M,2,120,0.023572844,15,28,2,1,2,0,345,375,55,1.467336683,0,serve4
2212,Pele Z Morton,M,4,120,1.880395854,20,19,1,1,0,2,782,542,34,1.487179487,0,serve4
7530,Steward I Jhonson,F,4,114,0.708563095,17,12,2,1,1,1,1068,886,53,0.58974359,0,serve4
745,Leo Q Lyod,M,2,132,0.439679988,2,18,1,2,1,1,312,439,56,1.532163743,0,serve4
543,Cummins O Rutherford,M,6,144,0.841331249,1,21,3,1,0,1,248,721,28,0.827225131,0,serve4
3304,Kristin J Hodges,M,2,168,0.320665427,20,16,4,0,1,0,438,420,25,1.030927835,0,serve4
4065,Keith H Morgan,M,2,162,0.172461369,5,5,3,1,1,1,558,1165,62,0.642533937,0,serve4
6182,Sumantha Y Rogers,M,1,162,0.289883854,13,18,3,2,1,1,564,293,54,2.493506494,0,serve4
6090,Leo B Albright,F,1,102,0.027524385,8,18,2,1,2,2,966,1116,28,0.844444444,0,serve4
5663,Michelle Q Fisher,M,2,114,0.528066299,2,21,4,1,0,1,1036,970,27,1.712765957,0,serve4
6229,Russel X Shaw,F,1,144,0.722244758,22,6,2,2,0,3,636,647,44,1.224806202,0,serve4
4659,Dillon X Besser,M,1,96,1.211027917,6,10,2,1,1,2,497,891,60,0.76,0,serve4
5853,Demie M Powell,F,2,144,1.337009138,31,19,1,2,1,3,1130,1044,45,0.888888889,0,serve4
3804,Jude W Pott,M,1,96,0.481806814,7,18,4,1,3,3,227,1218,61,0.654205608,0,serve4
6890,Desmond Q Wingard,M,2,120,2.747076085,18,24,3,1,3,1,1089,559,27,1.057268723,0,serve4
426,Jill A Birch,, .,150,0.033933989,22,8,1,1,3,0,391,225,42,1.01986755,0,serve4
3039,Racheal P Green,F,2,120,0.584400668,1,10,3,0,0,3,1126,385,37,1.782178218,0,serve4
851,Adam P Adams,F, .,132,0.264424085,19,1,2,2,1,0,664,899,59,0.9625,0,serve4
5410,Steward V Lowe,M,1,132,0.358447892,6,16,4,0,2,2,801,1221,26,1.005988024,0,serve4
3092,Jill A Grant,M,1,120,0.841424125,16,6,2,1,1,1,608,1218,40,2.093023256,0,serve4
4371,Harry B Howarth,M, .,78,0.095814889,23,28,4,1,2,2,426,1155,48,1.871559633,0,serve4
2618,Duncan R Elder,F,2,72,0.272664253,22,13,2,2,2,1,603,1056,56,1.011627907,0,serve4
3159,Demie I Stuward,M,2,132,0.367268671,12,11,2,0,3,0,540,1324,26,1.085470086,0,serve4
3963,Clements V Baldwin,M,2,102,0.077198651,4,1,4,1,1,2,483,1293,30,1.057471264,0,serve4
1807,Carl O Stuward,M,1,90,1.242761658,15,2,3,1,0,0,759,472,23,0.37962963,0,serve4
3741,Jerry W Hartley,M,1,126,0.880275783,3,3,1,0,1,1,707,458,32,1.516129032,0,serve4
2768,Clarke K Evans,F,1,108,0.375439929,18,22,3,1,1,3,1106,903,38,1.409090909,0,serve4
5613,Michael Z Potter,M,2,108,2.750668501,24,29,4,2,0,0,471,885,25,2.157894737,0,serve4
1959,Cindy C Turner,M,2,108,0.70085298,2,4,3,1,2,3,1161,315,43,2.273291926,0,serve4
4041,Britta J Turner,F,2,150,0.656606402,21,14,3,2,3,0,600,774,27,1.62406015,0,serve4
2935,Rhonda Q Jackson,F,1,150,0.4299496,5,16,2,1,1,2,717,265,29,1.652173913,0,serve4
2026,Solomon X Sanders,M,2,108,0.934276641,13,10,2,1,1,0,209,1230,35,1.121338912,0,serve4
593,Sumantha M Welsh,M,1,114,1.210025466,25,16,4,1,2,2,538,587,59,1.447236181,0,serve4
5366,Clements G Cooke,F,1,126,8.459801934,22,12,4,0,0,0,626,1080,48,0.920792079,0,serve4
1799,Tom J Spencer,M,2,96,0.092797113,2,11,1,1,1,2,582,1095,58,1.004524887,0,serve4
2640,Barry O Jones,F,2,96,0.17050464,17,14,2,1,0,2,202,1218,29,0.653658537,0,serve4
240,Luke G Burton,M,1,72,0.306829208,14,17,3,2,1,2,380,918,51,1.431818182,0,serve4
262,Cummins Z Mcintyre,M,2,120,0.488874114,7,4,4,1,0,3,586,466,47,1.480916031,0,serve4
5826,Racheal A Black,M,2,144,0.136274111,17,8,4,0,2,0,366,689,55,2.201680672,0,serve4
3442,Britta U Roberts,M,1,108,0.030394533,6,8,3,1,1,3,327,1398,23,2.75,0,serve4
5849,Nicholas G Walter,M,1,144,1.198553712,15,24,2,2,3,0,976,987,51,0.674796748,0,serve4
1118,Steward X Grant,M,1,126,0.24207852,18,3,2,1,2,1,509,537,57,1.627659575,0,serve4
2507,Alex N Wallace,F,2,156,0.01355831,13,21,2,1,2,2,224,490,26,1.345238095,0,serve4
613,Jude K Gray,M,1,84,0.339035434,10,25,2,1,1,1,1140,775,29,1.078431373,0,serve4
1215,Jim E Taylor,F,3,90,0.19409223,12,19,2,1,1,0,230,634,44,0.852459016,0,serve4
6150,Carl C Adams,M, .,126,0.334000944,2,13,1,1,1,0,475,537,25,0.842553192,0,serve4
5463,Steve K Dsilva,M,2,156,0.336658963,10,18,4,0,0,2,1018,660,40,1.101321586,0,serve4
7111,Keith A Barlow,M, .,96,0.447711417,6,11,4,1,2,3,1004,256,31,1.644171779,0,serve4
4721,Bernard X Eastwood,F,2,108,0.153075941,19,15,2,1,2,1,999,1265,54,2.350364964,0,serve4
2552,Carlin S Fowler,F,1,120,0.366268937,2,16,2,0,1,1,525,677,39,0.485148515,0,serve4
4074,Adolph C Brown,M,1,120,0.104804848,3,1,3,1,2,3,752,250,45,1.340101523,0,serve4
1880,Christine O Bradley,F,1,132,0.426245793,15,12,2,2,2,3,808,878,25,1.892473118,0,serve4
3775,Jill W Turner,M,1,144,0.230177287,5,21,3,2,0,2,1170,1073,55,1.373831776,0,serve4
2486,Pele P Lee,M,2,84,0.111678891,16,25,4,0,2,3,877,1044,23,0.881516588,0,serve4
328,Tony R Taylor,M,2,144,0.027489532,14,0,1,0,2,0,318,205,40,0.261538462,0,serve4
438,Solomon P Richie,M,3,120,0.280485881,11,23,2,1,2,1,1106,1277,28,1.405714286,0,serve4
5619,Tom N Crawford,M,2,168,0.210216914,9,0,1,0,2,0,683,576,44,0.766169154,0,serve4
481,Jeanine P Connor,M,1,150,0.241786737,2,7,3,0,0,2,523,291,53,1.810126582,0,serve4
5652,Cameron R Spear,F, .,126,2.115127285,3,18,3,2,3,2,438,822,33,1.137254902,0,serve4
5009,Cameron X Black,M,2,84,0.156717688,17,6,4,2,3,1,933,837,44,1.515981735,0,serve4
3428,Bill   Warton,M,1,144,0.231778611,16,5,2,1,0,2,471,272,29,1.21182266,0,serve4
6310,Robert E Wingard,M,1,132,0.666414988,3,2,2,2,1,1,843,226,37,1.759562842,0,serve4
3958,Sally Y Nicholson,M,2,114,0.678220404,9,3,2,1,3,0,866,916,57,0.656084656,0,serve4
848,Glorin R Potter,M,3,210,0.538790636,21,15,3,1,1,2,1039,1161,42,1.025641026,0,serve4
5867,Debbie B Baxter,F,1,120,11.12251496,17,22,3,0,2,0,499,1136,23,1.13592233,0,serve4
1647,Pele C Wilkinson,F,1,150,0.297858715,15,24,1,0,1,3,500,1323,62,1.658823529,0,serve4
2395,Goldie U Dsilva,M,1,120,1.295304294,16,14,1,1,2,3,264,1349,37,3.060869565,0,serve4
4151,Cindy A Baldwin,M,2,108,0.302202316,15,22,3,2,0,0,830,503,30,1.128712871,0,serve4
2849,Clements W Gibson,M, .,102,0.228555427,9,3,3,1,2,1,886,1120,27,2.534351145,0,serve4
2389,Luke V Wilks,M,2,102,0.181470559,8,15,4,2,1,2,829,506,53,1.256097561,0,serve4
2648,Sally Q Whitehall,M,2,138,0.215759222,11,22,2,1,1,0,1117,1005,48,2.281481482,0,serve4
130,Sam M Murdoch,M,2,162,0.650056518,16,19,3,0,1,0,350,598,38,0.743589744,0,serve4
1821,Christian X Lintern,F,2,156,0.982473478,7,4,2,0,2,0,1042,846,56,0.686567164,0,serve4
3079,Brooks   Roberts,M,1,144,0.403027758,15,10,2,1,1,1,922,637,54,1.151750973,0,serve4
1252,Desmond C Whitehall,F,1,72,0.299332277,2,25,1,1,2,0,635,819,23,1.604395604,0,serve4
403,Nicholas T Lyod,F,2,84,0.178648701,8,12,2,0,1,1,564,569,37,2.169014085,0,serve4
5203,Cathy I Wingard,F,1,120,0.541500038,2,1,3,1,0,1,448,845,36,1.186915888,0,serve4
4502,Jhonny J Jhonson,M,2,96,0.358366264,17,23,2,1,1,2,1021,680,61,1.08994709,0,serve4
1836,Daniels L Wingard,M, .,132,0.106255998,2,0,2,1,1,2,331,384,39,1.731543624,0,serve4
7182,Glorin H Muldowney,F,2,156,0.440841186,4,13,3,2,2,1,530,1257,52,1.586206897,0,serve4
3788,Jeanine J Nicholson,M,2,156,0.032805793,17,10,3,0,2,1,1024,424,36,0.467005076,0,serve4
4455,Alex I Robinson,F,2,96,0.299027765,16,12,2,1,0,3,480,1084,34,2.472972973,0,serve4
7356,Rhonda D Mcrae,F,2,78,0.662062813,21,7,2,2,2,0,931,1131,26,0.941176471,0,serve4
1264,Glorin V Muldowney,M,2,120,0.082789323,15,1,4,1,3,1,809,1367,60,0.795454546,0,serve4
2023,Leo C Bradley,F,1,132,12.01598874,5,5,3,0,0,3,740,718,45,0.906976744,0,serve4
5564,Marilyn U Lee,M,2,120,0.872827927,10,3,2,0,3,0,830,636,40,0.827225131,0,serve4
6076,Mary F Murray,M,2,156,0.360468361,18,27,4,2,1,2,791,381,41,1.622222222,0,serve4
3678,Bond A Norton,M,1,162,5.347905403,12,23,2,1,2,1,1187,620,26,0.85915493,0,serve4
4492,Nicholas Q Connor,M,2,78,0.97490749,3,20,2,2,2,2,732,649,43,1.120418848,0,serve4
3197,Nicholas U Lyod,M,1,174,0.417773791,15,24,3,1,2,0,622,932,39,0.556701031,0,serve4
5445,Ana E Birch,M,1,180,2.34696208,9,7,2,1,2,2,889,1268,44,1.423580786,0,serve4
5832,Adam W Maxwell,F,6,150,0.453473888,21,7,1,1,1,3,592,878,49,2.016528926,0,serve4
7591,Elaine L Anderson,M, .,114,0.933525584,1,9,2,1,2,3,229,975,29,1.730994152,0,serve4
2252,Brooks G Wingard,M,2,156,0.183205884,2,9,2,0,2,0,1168,1214,23,1.379746835,0,serve4
5824,Hendrick R West,M,1,78,0.256764474,12,18,1,1,0,3,728,620,32,0.5,0,serve4
2445,Harry W Mcrae,M, .,144,0.76858878,15,4,4,0,2,1,918,1057,59,1.427230047,0,serve4
811,Madonna N Gonsalves,F,1,150,0.047819612,6,3,1,2,2,2,491,236,24,1.609467456,0,serve4
2751,Carlin B Muldowney,M,2,144,0.238362467,2,1,3,2,1,3,555,1316,26,2.130434783,0,serve4
7712,Steve T Crowe,M,2,144,0.112649486,15,1,2,2,1,0,656,374,32,1.887179487,0,serve4
3173,Tom N Pott,M,2,96,1.583980885,20,14,3,1,1,3,852,341,61,1.32631579,0,serve4
5608,Jill N Lyod,F,1,156,0.194605064,13,17,3,1,2,1,354,1317,34,0.412060302,0,serve4
3454,Tom P Howarth,M,1,138,0.706534012,0,15,4,1,1,1,854,1119,27,1.010309278,0,serve4
5793,Demie U Fowler,M,6,138,1.077439629,6,9,1,0,1,2,501,670,24,0.858267717,0,serve4
2316,Pauline F Carson,F,1,180,0.669428083,14,8,3,2,2,3,710,665,44,0.958525346,0,serve4
2534,Stanford Y Green,F,2,108,4.066823308,14,21,2,1,1,2,625,260,48,2.391608392,0,serve4
6828,Neal Q Grant,F,1,120,0.898946243,8,2,3,1,2,3,874,914,59,1.041825095,0,serve4
6884,Stanley   Baker,F,2,108,0.303606254,5,9,2,2,1,3,385,1130,39,0.546341463,0,serve4
6969,Bonnie L Marshall,F,1,168,0.157540647,12,4,3,1,2,3,683,1393,57,1.542372881,0,serve4
7640,Ian P Lintern,M,2,84,0.588549214,19,2,3,1,2,2,1131,720,46,1.656862745,0,serve4
1517,Cindy R Winters,F,2,156,1.749533912,15,9,3,0,2,3,351,233,22,1.079136691,0,serve4
5937,David R Wilks,M,2,144,6.250914074,11,2,3,0,0,1,870,883,46,1.245033113,0,serve4
6913,Arlene Q Gonsalves,M,2,132,0.343707698,0,19,3,0,3,2,1198,1159,38,2.06741573,0,serve4
7212,Robert H Gilchrist,F,5,108,0.053352783,2,23,4,0,0,2,1069,1388,25,2.012820513,0,serve4
3103,Helen A Gilchrist,F,3,108,0.222408244,4,11,3,2,3,0,970,526,33,0.972222222,0,serve4
7327,Bernard J Jackson,F,1,126,2.339845074,21,20,4,1,1,2,232,1381,25,1.352941177,0,serve4
5812,Bill D Flower,F,1,138,0.699443621,19,16,4,1,2,0,1146,673,34,1.204301075,0,serve4
1505,Alysia B Hawkins,M,2,162,0.066689447,7,20,4,1,3,1,665,1381,23,1.567567568,0,serve4
3105,Jill F Stuward,M,2,108,0.559620359,8,2,2,0,1,2,532,570,55,0.436363636,0,serve4
7551,Gregory K Crowe,M,5,114,0.426697678,6,23,1,1,1,3,642,1260,47,1.476510067,0,serve4
6920,Jhonny   Hadley,M, .,168,0.48170675,11,18,4,1,2,3,919,1343,54,0.837837838,0,serve4
2905,Duncan A Lintern,F,1,132,0.414295695,19,20,4,0,2,3,693,1064,40,1.276595745,0,serve4
5674,Jack Y West,F,2,108,1.25701786,4,21,2,1,2,0,990,883,47,0.472727273,0,serve4
1871,Steve A Green,F,1,78,1.496530576,20,1,1,2,3,1,526,355,34,1.704761905,0,serve4
4766,Carl U Smith,M,2,156,0.425527842,19,16,3,2,0,1,307,295,30,0.661290323,0,serve4
3430,Madonna Q Lee,M,1,96,1.047759373,11,1,2,1,0,2,583,205,24,1.061611374,0,serve4
4833,Solomon Y Norton,F,1,114,1.139231166,15,15,2,2,2,2,649,480,43,1.829457364,0,serve4
5924,Richard B Ricardo,M,1,96,0.254005287,16,19,1,2,0,1,954,880,28,2.043478261,0,serve4
1254,Ana P Rutherford,M,2,180,0.371059945,15,5,2,0,1,1,725,535,47,1.577319588,0,serve4
5185,Helen L Fisher,M,1,138,1.027001365,20,21,4,1,0,3,314,872,31,0.926640927,0,serve4
3869,Goldie P Crawford,M,1,126,0.011837739,2,20,1,1,3,3,625,495,25,1.049019608,0,serve4
2507,Tim C Renne,M,2,132,0.030951599,3,15,2,1,0,1,638,1100,53,0.983050848,0,serve4
6141,Martin S Hunt,M,2,144,0.150407954,5,12,1,0,2,0,294,1107,45,1.413043478,0,serve4
4625,Debra I Atkins,F,2,150,0.127277559,6,8,2,1,1,3,280,622,43,1.022988506,0,serve4
6751,Sumantha C Botham,M,2,84,2.418715533,11,9,2,1,0,3,413,827,34,1.317073171,0,serve4
3539,Glorin U Robinson,M,1,78,123.3640903,8,25,2,1,1,2,342,204,37,0.875675676,0,serve4
5558,Clint I Murdoch,M,1,150,1.938685936,8,21,2,0,1,0,1145,1242,58,0.611764706,0,serve4
1354,Tim T Jhonson,F,1,156,0.466965041,8,5,3,1,3,1,295,1263,57,0.515151515,0,serve4
352,Robert X D'souza,F,2,108,0.385873835,13,6,3,1,2,2,847,257,60,1.141361257,0,serve4
1419,Adolph R Green,F,2,120,0.519916027,3,8,4,1,2,2,261,1036,61,0.684210526,0,serve4
5044,Howard K Norton,M,2,90,0.766793713,16,24,3,0,0,3,567,275,42,0.686567164,0,serve4
5917,Sally H Rhodes,M,2,114,0.07435666,17,15,3,1,1,1,328,826,24,1.753623188,0,serve4
937,Dean J Warton,M,2,84,0.049046894,14,7,3,2,2,3,241,1232,57,1.306818182,0,serve4
2163,Sumantha G Gilchrist,M,2,150,1.439723434,21,15,2,0,1,3,910,796,35,1.026666667,0,serve4
4362,Madonna U Baker,F,1,120,0.932546433,24,25,3,2,2,2,1131,926,59,2.276923077,0,serve4
6899,Sam M Spence,F,1,96,0.449961833,18,4,2,1,3,0,511,1052,31,3.3125,0,serve4
88,Martin P Richie,F,1,186,0.512154945,18,24,3,0,0,0,712,520,26,0.875675676,0,serve4
5233,Clive P Grant,M,1,168,0.500686404,21,20,2,1,2,3,690,364,43,1.558558559,0,serve4
4682,Helen W Morton,M,1,108,0.963708669,8,15,3,1,0,1,1007,1394,55,0.459143969,0,serve4
3469,Elaine D Gonsalves,M, .,150,0.03299432,9,3,2,1,1,3,307,942,47,1.898089172,0,serve4
5927,Larry I Fleming,F,1,78,0.266471904,3,24,4,2,2,2,720,880,28,1.094827586,0,serve4
6761,Augustine M Baldwin,F,2,108,3.409558911,15,28,4,1,3,0,435,777,54,1.234285714,0,serve4
2549,Adolph Q Hartley,M,1,120,0.077738574,4,20,3,1,2,3,442,958,28,0.805369128,0,serve4
2965,Bill L Lintern,M,2,102,0.470211839,13,10,3,1,2,3,768,426,39,0.651982379,0,serve4
3555,Keith A Gonsalves,M,1,120,0.475199796,10,23,2,1,3,3,1022,940,38,0.751173709,0,serve4
664,Martin W Nicholson,M,1,150,0.755663685,6,2,2,1,2,1,356,938,44,0.923857868,0,serve4
5728,Duncan J Smith,M,2,114,0.218333735,7,5,3,2,1,2,617,414,34,1.077844311,0,serve4
4172,Bernard N Hodges,M,6,120,0.833398797,2,19,1,0,0,1,986,1286,30,1.0859375,0,serve4
5798,Cummins P Norton,M,1,114,0.978232387,13,24,3,2,2,3,676,827,52,1.744680851,0,serve4
4320,Solomon H Winters,M,1,150,8.527063278,8,3,3,2,3,1,700,201,56,0.848484849,0,serve4
677,Russel H Potter,M,1,108,0.334278446,8,18,4,0,1,2,465,930,53,1.326203209,0,serve4
1740,Dean V Spencer,M,3,126,0.460153897,3,2,4,1,1,1,328,1372,34,0.974619289,0,serve4
4727,Madonna G Fisher,M,2,156,3.599906963,14,12,3,2,2,2,954,819,59,1.482758621,0,serve4
2121,Keith P Moss,, .,102,1.090785361,4,21,3,1,2,3,1045,488,28,1.333333333,0,serve4
876,Britney N D'souza,, .,96,0.834840288,4,15,2,0,1,3,640,948,24,0.631178707,0,serve4
7437,Barry H Goodman,M, .,90,0.807569748,4,14,2,2,1,0,478,374,46,1.019607843,0,serve4
4164,Irene G Barlow,M,5,132,2.131212869,6,6,1,1,1,1,745,712,56,3.536842105,0,serve4
7428,Currie H Adams,F,2,108,1.208012032,20,15,3,1,2,1,471,440,58,1.079497908,0,serve4
5542,Tom T Muldowney,F,1,102,0.427694283,13,13,2,1,0,0,431,203,24,2.485714286,0,serve4
5503,Clive V Norton,M,1,120,0.866118551,3,18,3,1,1,3,411,901,58,1.145631068,0,serve4
1364,Daniels E Rogers,M, .,132,0.827350688,15,22,2,1,2,1,420,418,57,0.645669291,0,serve4
5645,Bernard A Gray,M,1,144,0.427734403,22,9,2,1,2,2,430,903,49,0.45320197,0,serve4
2825,Clifford Z Warner,M,1,132,0.163357,11,16,3,2,1,0,345,296,45,2.258503401,0,serve4
7728,Tom A Atkins,M,1,120,0.717474444,10,7,3,0,0,2,1155,787,49,1.648351648,0,serve4
1366,Neal W Bright,M,1,114,0.429642459,16,1,1,1,1,0,723,897,55,1.059602649,0,serve4
6419,Alysia R Hawkins,M,2,114,1.193241152,12,8,4,0,1,1,1084,371,33,2.277227723,0,serve4
4362,Steve O Lee,M,2,120,0.934115865,11,24,2,0,2,2,326,1214,30,0.927710843,0,serve4
7213,Jhon I Fowler,M,2,132,0.616085509,3,16,2,1,2,2,469,417,51,1.333333333,0,serve4
4909,Simone X Potter,M,1,108,1.025868652,8,12,3,1,0,1,1140,696,34,1.442477876,0,serve4
410,Steve I Wilks,M,2,90,0.468479625,17,16,2,0,2,3,466,468,43,1.987654321,0,serve4
162,Cummins N Fleming,F,2,114,0.641731477,21,32,2,0,1,3,840,1207,32,1.22826087,0,serve4
3319,Tony M Watson,M,2,84,0.672015544,16,17,2,1,3,0,931,815,50,0.906122449,0,serve4
7351,Jane O Morgan,F,2,132,0.017315797,20,15,1,1,2,3,657,384,52,0.534562212,0,serve4
3309,Goldie H Flower,F,2,108,0.243574916,21,28,2,0,2,1,508,1215,51,1.206030151,0,serve4
2561,Cindy L Marshall,M,3,198,0.496291531,22,13,1,1,1,1,298,488,26,0.861924686,0,serve4
1057,Kristin A D'mello,M,1,132,0.37928099,18,14,3,2,2,2,920,295,30,0.848101266,0,serve4
3079,Sumantha J Wood,, .,120,0.081915516,10,3,4,0,2,2,771,1200,59,2.496240602,0,serve4
1892,Alexandria F Goodman,M,2,96,0.474178249,17,22,4,1,3,0,515,1292,53,0.656,0,serve4
3506,Tony T Roberts,M,1,96,0.163564113,8,7,1,2,1,0,445,1225,49,1.155080214,0,serve4
5117,Steve U Rutherford,M,1,162,0.291130532,5,6,1,0,3,0,1066,800,27,1.461538462,0,serve4
5033,Christina B Watson,, .,144,0.569708246,11,20,1,0,2,2,1030,311,30,0.5625,0,serve4
7238,Britta Y Fisher,, .,132,0.477113019,31,29,2,1,2,3,693,701,23,0.870967742,0,serve4
5523,Dean W Bright,F,1,120,0.107279112,21,21,2,0,2,1,941,220,61,0.71559633,0,serve4
3991,Anne X Roberts,M,1,186,0.446605762,15,29,4,2,3,3,995,307,57,1.525423729,0,serve4
2740,Arlene L Gray,F,2,156,1.082249417,2,19,3,1,2,1,480,207,22,1.333333333,0,serve4
4213,Paul Q Cooke,M,1,114,1.704838923,18,21,3,1,1,2,459,423,27,1.392156863,0,serve4
801,Chelsea D Baldwin,M,1,162,0.216934022,12,2,3,1,0,3,675,821,27,1.316455696,0,serve4
174,Barry B Warton,M,1,120,2.66812415,1,12,1,0,0,2,522,379,55,1.027624309,0,serve4
6679,Dillon M Fleming,F,1,144,0.114505876,22,21,2,1,0,3,809,1089,25,1.617021277,0,serve4
6244,Jill L Waugh,M,2,54,0.974840197,15,25,1,1,2,3,570,837,37,1.124087591,0,serve4
4103,Brian U Bradley,M,1,108,0.56770178,15,1,2,0,1,1,1000,1276,23,1.905882353,0,serve4
5099,Leo H Rutherford,M,1,180,1.154788392,11,11,2,1,3,1,362,698,45,1.3125,0,serve4
1862,Rhonda Q Howarth,M,1,102,3.423509843,17,15,4,2,2,3,1009,555,44,1.85786802,0,serve4
1797,Harry P Atkins,F,1,138,0.954970293,22,25,3,0,1,0,713,251,27,0.806629834,0,serve4
2018,Jeanine V Spear,F,1,96,0.516394874,14,16,3,1,2,1,1127,1056,54,1.747126437,0,serve4
2746,Paul B Moss,F, .,108,0.594696548,16,11,2,1,0,3,1096,893,52,1.04040404,0,serve4
4322,Brian J Fleming,F,2,114,0.444233617,13,14,3,2,1,1,578,937,42,1.031390135,0,serve4
3311,Carlin U Gray,F,2,96,0.554797507,1,4,2,0,2,2,414,962,47,2.293577982,0,serve4
7457,Harry H Green,M,1,144,1.332216209,25,28,3,0,2,2,279,395,57,0.834951456,0,serve4
1339,Glorin   Richie,F,1,138,1.166100217,1,8,1,1,1,1,634,1395,25,0.612244898,0,serve4
6804,Clements V Potter,F,1,114,0.741868774,9,13,1,1,2,2,866,786,42,1.184834123,0,serve4
7247,Richard E Lintern,M,2,114,0.004383529,11,19,4,0,1,0,742,755,23,0.595505618,0,serve4
2999,Eve F Fowler,M,2,132,0.261917802,2,3,4,2,3,0,685,938,49,0.745454546,0,serve4
5167,Pele R Rhodes,F,1,150,0.456626959,3,23,2,1,2,2,380,589,42,0.820754717,0,serve4
384,Adam A Jackson,F,2,120,0.131370309,11,2,2,2,1,3,566,1196,53,0.5,0,serve4
4970,Tony M Hunt,F,1,120,0.431116371,11,6,2,1,1,2,445,714,55,1.624242424,0,serve4
4926,Michael I Elder,M,1,60,0.700345091,11,14,4,1,2,2,1007,1275,30,1.105263158,0,serve4
2999,Bonnie C Murray,F,2,156,0.378038231,13,17,3,1,3,1,892,959,51,1.158333333,0,serve4
1237,Brian D Rutherford,M,1,156,1.078459826,9,2,2,0,1,3,901,783,35,1.726708075,0,serve4
1806,Kristin V Atkins,M,2,84,0.314280846,2,20,2,1,1,3,1098,263,31,0.70995671,0,serve4
1738,Chelsea D Taylor,M,1,144,0.172631038,18,3,1,1,0,0,1168,825,39,1.226519337,0,serve4
1664,Clint P Fisher,M,2,108,0.127158947,18,21,2,1,1,1,586,457,62,1.683544304,0,serve4
3155,Jack A Brown,M,1,90,0.019524796,8,18,2,2,1,0,767,308,62,1.912280702,0,serve4
3623,Hillary V Connor,F,1,144,0.248759872,5,4,2,2,2,1,419,1304,54,0.51572327,0,serve4
1720,Chelsea H Roberts,M,2,96,0.550734996,9,4,3,2,2,1,444,907,23,0.857142857,0,serve4
583,Currie F Morton,F,2,108,0.592902285,12,13,3,2,2,1,685,812,36,1.03255814,0,serve4
3636,Richard I Whitehall,F,1,132,0.048388872,16,10,3,0,2,0,825,809,39,1.85483871,0,serve4
3550,Jerry H Robinson,F,1,84,1.083445518,19,17,2,1,2,3,656,1164,39,1.291005291,0,serve4
469,Cummins I Powell,M,1,96,0.489947155,9,17,2,1,1,0,1084,994,54,2.042553192,0,serve4
2063,Alex Z Lintern,F, .,72,0.199812318,13,15,1,0,2,0,375,1152,24,1.68372093,0,serve4
386,Gregory R Waugh,F, .,114,0.473833973,12,19,2,2,2,0,1126,335,42,0.913043478,0,serve4
284,Stanley N Stuward,F, .,114,0.661578913,11,24,2,0,0,3,1064,311,22,2.242424242,0,serve4
1484,Leo K Jones,F, .,90,0.157482105,10,10,3,2,3,0,467,1210,40,1.835294118,0,serve4
202,Rhonda D Spencer,F, .,96,0.019806653,14,22,2,0,1,3,626,744,34,0.61878453,0,serve4
4476,Steward B Murdoch,F, .,144,0.108427293,7,16,2,1,2,1,797,1104,34,1.623376623,0,serve4
3260,Tom S Lowe,F, .,180,1.528365077,5,10,3,2,1,0,456,1316,31,1.416216216,0,serve4
5154,Henry I Crawford,F, .,144,0.502598459,2,3,3,0,2,1,340,1111,54,2.6,0,serve4
2586,Barry R Black,F, .,132,0.040239719,14,2,1,0,2,3,1153,1382,45,0.651340996,0,serve4
429,Irene Z Evans,F, .,126,0.843795473,13,15,2,1,1,0,622,1344,56,1.297560976,0,serve4
645,Duncan P Brown,F, .,132,0.405813353,4,13,2,1,1,3,326,958,60,1.024875622,0,serve4
4236,Steward O Grant,M,1,162,0.04869619,20,5,2,1,2,1,434,1188,39,1.333333333,0,serve4
6862,Steve X Hawkins,F,1,120,0.904079014,4,2,2,0,1,2,1034,1097,30,1.069387755,0,serve4
4966,Jerry V Roberts,M,2,144,1.180099912,6,19,4,2,3,2,985,648,40,1.127118644,0,serve4
1811,Martin X Pearson,F, .,96,0.324948987,8,13,1,1,0,1,983,1258,39,0.880952381,0,serve4
5090,Sumantha N Lowe,M,2,114,0.6781325,3,8,2,1,1,3,687,1020,54,0.830357143,0,serve4
94,Marilyn Z Crowe,M,1,90,0.379109436,16,22,4,0,1,3,587,202,46,1.551515152,0,serve4
4284,Jill Q Wilkinson,M,1,120,12.43153914,7,24,1,1,2,3,635,504,61,1.890243902,0,serve4
6296,Nicholas A Murray,F,1,132,0.113245522,11,21,3,0,1,3,329,533,25,0.748768473,0,serve4
5591,Brian U D'mello,F,2,138,7.853118528,20,18,3,0,1,0,760,1108,59,1.630901288,0,serve4
4431,Suzzane L Stuward,F,2,102,0.234261243,3,7,2,0,2,3,412,1141,22,1.151162791,0,serve4
936,Clara S Rogers,M,4,138,0.044039275,5,18,3,0,1,2,1089,1122,56,1.688311688,0,serve4
6643,Jhonny J Morton,M,1,102,0.530330631,4,5,2,1,1,1,456,980,43,0.834170854,0,serve4
6991,Solomon K Crawford,F,3,126,2.141148642,8,15,2,0,1,3,945,242,34,1.638709677,0,serve4
4717,Christian C Potter,M,2,156,0.567224174,3,17,3,1,0,0,798,426,31,1.461077844,0,serve4
1599,Bill J Elder,M, .,168,0.822021126,20,13,4,1,0,2,238,571,30,1.954545455,0,serve4
1180,Russel A Connor,F,2,78,0.253227533,15,15,3,2,3,0,1015,573,27,0.875,0,serve4
4007,Hillary O Morton,M,1,204,0.15487106,15,12,3,1,1,3,451,1034,48,0.4,0,serve4
5979,Debra P Flower,M,2,102,0.921850647,17,7,1,0,3,3,804,501,35,1.101851852,0,serve4
5838,Cameron N Bradley,M,2,108,0.295941647,17,15,2,2,1,0,1069,1108,27,0.632768362,0,serve4
355,Jill P Gilchrist,F,1,108,0.777715204,11,8,1,1,0,2,1110,245,25,0.502057613,0,serve4
2855,Adam R Green,M, .,60,2.168081596,16,21,2,1,1,0,1090,371,52,0.87826087,0,serve4
6628,Martin I Waugh,M, .,108,1.213664642,13,24,3,1,3,2,610,552,35,1.065693431,0,serve4
563,Jack O Burton,M,1,132,1.16438112,30,17,1,1,0,0,321,367,22,2.1,0,serve4
1064,Carlin O Lintern,M, .,84,0.545429529,6,24,4,2,3,2,262,436,54,2.458015267,0,serve4
6910,Clint I Muldowney,F,3,102,1.399155975,9,2,4,0,3,1,1062,1383,54,0.689655172,0,serve4
2162,Dean G Connor,F, .,120,216.239856,15,21,3,1,1,2,240,1175,39,0.64516129,0,serve4
7060,Barry H Hawkins,F, .,90,0.048461,11,13,3,1,2,2,441,1345,59,1.716216216,0,serve4
1642,Carl A Hadley,M,2,102,0.423459854,3,11,2,1,2,0,755,777,35,1.371980676,0,serve4
3243,Tony I Murdoch,M,2,108,3.15242573,22,13,2,1,1,1,234,1211,45,1.248618785,0,serve4
1108,Jeremy   Whitehall,F,1,102,1.282385009,21,23,3,2,1,3,788,1336,31,0.625954199,0,serve4
3067,Jeanine H Warton,F,2,84,0.044685935,7,5,1,2,0,0,1171,728,23,1.588785047,0,serve4
7628,Sumantha P Spence,F,1,108,0.059716856,3,5,4,0,3,0,1102,1160,50,0.350230415,0,serve4
4475,Michelle C Fisher,M,1,96,0.4623236,13,21,4,2,3,1,464,1109,29,1.603960396,0,serve4
2138,Amy F Wingard,M,1,162,1.781701291,3,21,2,2,2,3,541,906,35,1.352941177,0,serve4
6957,Jerry X Richie,M, .,126,2.023822401,16,18,3,0,2,2,275,938,35,1.039215686,0,serve4
7277,Carlin I White,M, .,108,0.445868722,13,18,4,2,0,1,979,1181,49,0.502325581,0,serve4
7772,Luke N Spencer,M,2,150,0.136056415,13,25,2,2,1,0,509,798,23,1.316062176,0,serve4
5153,Alysia P Besser,M,1,108,0.100797947,6,8,2,1,2,2,1152,398,52,2.097222222,0,serve4
6416,Carl R Hunt,F,2,120,0.660191395,1,7,2,2,3,3,788,1014,33,1.646341463,0,serve4
2513,Mary V Carson,M,1,84,0.536833037,13,14,4,1,2,1,869,753,43,1.207729469,0,serve4
3128,Clifford T Mcrae,F,2,114,0.424592723,20,6,4,1,2,2,298,1343,47,1.795620438,0,serve4
4832,Stanford D Howarth,M,2,126,0.388313456,7,22,3,1,0,0,824,725,28,1.022988506,0,serve4
3747,Larry R Connor,M,2,108,0.041575714,16,16,1,1,3,2,482,669,48,2.055555556,0,serve4
4254,Cathy V Jones,M,1,102,0.168233642,2,24,3,1,0,2,1022,896,59,1.00952381,0,serve4
6094,Leo A Winters,F,1,114,0.049113951,18,5,3,1,1,0,576,276,29,0.655172414,0,serve4
3639,Ana P Atkins,M,2,90,0.549385439,19,10,3,1,1,2,1082,412,52,1.977011494,0,serve4
1623,Clarke F Pott,F,2,144,0.4061408,12,2,2,1,0,2,1036,1039,51,1.5,0,serve4
5047,Jeremy   Lee,M,2,138,0.888190567,21,17,1,1,0,1,266,486,23,1.431952663,0,serve4
2752,Anne K Richards,F,1,114,0.025165172,18,5,2,0,3,1,586,1277,43,0.748538012,0,serve4
2955,Clint J Morgan,F, .,120,2.851773619,15,18,1,1,1,2,715,549,33,0.549180328,0,serve4
2314,Ana I Wood,F,1,120,0.705327861,13,11,3,1,2,3,901,1248,61,1.216783217,0,serve4
1202,Jeremy H Robinson,F,1,144,1.700135939,3,11,1,2,0,0,971,661,57,1.586666667,0,serve4
5196,Robert V Norton,F,1,102,0.253904599,18,17,4,0,2,3,684,842,25,0.921568628,0,serve4
3805,Jerry G Richie,M,2,120,0.226463207,9,14,2,2,2,0,945,678,43,1.080213904,0,serve4
1974,Anne A D'souza,F,2,150,0.13017063,5,11,4,1,1,2,452,968,47,1.356643357,0,serve4
5631,David V Burton,M,2,102,0.021225806,4,20,2,0,2,2,1031,955,61,1.269565217,0,serve4
185,Augustine   Powell,F,1,120,0.871904756,18,16,2,2,1,2,982,465,48,2.609375,0,serve4
4976,Alex J Whitehall,F,1,120,0.137661954,5,16,3,0,1,3,293,776,48,1.638709677,0,serve4
3938,Cathy D Turner,M,2,126,0.007324422,15,25,1,2,1,2,813,682,53,2.316546763,0,serve4
474,Mary E Flower,M,2,84,0.2230902,16,8,4,2,1,2,684,1073,33,0.847682119,0,serve4
566,Jeanine D Hartley,M,1,150,0.102209171,10,18,2,2,2,1,649,341,34,1.222929936,0,serve4
5892,Racheal B Elder,M,1,102,0.201844734,17,4,1,1,3,2,231,445,41,1.847953216,0,serve4
2680,Clive B Fleming,F,2,144,0.337915218,14,8,4,2,0,2,384,1234,33,1.14893617,0,serve4
279,Paul   West,M,1,120,0.404790367,0,11,2,1,0,1,708,1286,46,0.307053942,0,serve4
3957,Harry C Mcrae,M,1,108,1.537625685,11,15,3,1,0,0,248,468,33,1.039145908,0,serve4
3913,Clint A Wingard,M,1,126,0.763813235,0,24,2,1,1,1,445,218,60,1.939393939,0,serve4
5295,Dean   Renne,M,2,84,1.995099986,13,20,4,1,3,1,565,440,57,1.25,0,serve4
6533,Adam U Welsh,, .,120,0.735263716,4,5,2,2,1,2,621,591,29,1.470899471,0,serve4
4525,Stanley H Roberts,, .,90,0.279038564,20,15,2,1,1,2,1186,551,40,0.342465753,0,serve4
6061,Cindy N Waugh,M,1,114,2.238436902,18,17,1,1,0,2,429,1106,62,1.244186047,0,serve4
5572,Jeremy G Baker,M,2,144,0.029888928,21,22,2,2,1,3,1144,1379,22,1.975757576,0,serve4
1036,Goldie K Thomas,M,1,102,0.555201428,6,23,3,1,3,1,563,1195,60,1.105527638,0,serve4
131,Cathy W Gray,M,1,72,0.273794891,7,1,2,2,3,0,983,738,61,0.521126761,0,serve4
3081,Luke V Albright,M,1,96,0.91759431,15,14,3,2,3,3,582,336,33,0.741818182,0,serve4
5178,Hillary K Besser,M,2,144,0.04487266,11,9,2,0,1,3,955,406,43,1.803030303,0,serve4
5513,Steve G Rutherford,M,1,72,0.317152038,2,24,1,1,3,2,1048,910,30,2.034883721,0,serve4
2751,Christine P Taylor,M,2,120,0.669387595,13,1,1,1,1,3,941,1218,29,0.904977376,0,serve4
710,Michelle U Fisher,F,1,168,0.131344092,7,21,3,1,0,0,411,1361,46,1.67816092,0,serve4
4955,Howard F Spencer,M,1,168,1.053648703,10,24,3,2,1,2,607,564,54,1.577142857,0,serve4
6116,Hendrick V Birch,M,1,138,0.891455,22,18,2,1,3,0,730,847,26,0.864583333,0,serve4
4960,Bernard T Hunt,M,3,156,0.549336172,0,13,4,1,1,3,481,445,31,1.563106796,0,serve4
4215,Dean F Baker,F,1,162,0.369015235,7,21,4,2,1,3,443,1060,47,0.854271357,0,serve4
1644,Tony D West,M,2,108,0.05500281,17,17,3,2,2,2,1013,794,62,1.449101796,0,serve4
2208,Carl L Adams,M,1,120,0.409843802,6,11,3,1,2,1,1200,666,37,1.5,0,serve4
5030,Eve E Black,M,3,126,0.446832559,22,16,3,1,2,0,862,634,27,1.401869159,0,serve4
1438,Bernard S Rhodes,M, .,90,0.624214306,4,10,2,2,2,0,805,928,60,1.930232558,0,serve4
3414,Clements J Turner,F,1,90,6.248023148,12,12,1,1,3,2,1068,958,54,1.913978495,0,serve4
4906,Clive K Green,M,1,120,1.608688605,21,23,3,0,1,1,1014,1317,31,1.313131313,0,serve4
3921,Leo J Crawford,M,2,108,0.284170015,31,28,3,1,0,0,310,829,46,0.33492823,0,serve4
4667,Mary V Crowe,M,2,120,0.375879657,16,8,3,1,1,3,394,877,43,1.827160494,0,serve4
3543,Ignatius G Richie,F,1,90,0.357046674,14,7,3,1,0,0,848,367,60,0.623762376,0,serve4
1738,Carl J Richards,F,2,126,0.20457185,4,11,4,2,2,0,1021,918,60,0.666666667,0,serve4
6477,Jhon Z Maxwell,F,1,120,2.96472876,4,8,4,0,1,1,512,856,23,1.027888446,0,serve4
6486,Jane L Moss,M,2,126,1.332964562,12,21,2,2,2,0,1197,460,29,0.546511628,0,serve4
3378,Neal C Spear,F, .,120,0.000519815,7,1,4,0,1,0,770,1075,23,2.834951456,0,serve4
1966,Hendrick I Botham,M,1,120,0.862516612,19,9,2,1,0,2,220,1180,24,0.505747126,0,serve4
7207,Neal T Renne,F,1,138,0.661142154,20,16,2,1,2,3,1136,1315,59,1.089201878,0,serve4
5408,Eve K Botham,M,2,168,0.58411128,11,19,2,0,3,2,289,459,40,1.081395349,0,serve4
2767,Racheal V Richie,F,1,126,1.393903673,7,14,4,0,2,1,426,897,56,0.75257732,0,serve4
2632,Elaine M Connor,M,2,84,1.845240505,14,14,3,1,2,0,861,1262,57,1.446428571,0,serve4
6321,Pauline F Donald,F,2,102,0.558460995,30,24,4,1,3,1,893,1079,55,1.352601156,0,serve4
6417,Hillary C Hartley,F,2,78,3.65146092,3,22,3,1,1,1,277,618,37,1.089430894,0,serve4
7169,Stanford C Jones,F,2,138,1.30372331,20,8,2,0,2,3,387,1361,51,1.810126582,0,serve4
3584,Luke K Bright,F,2,90,5.915918725,12,17,2,1,1,1,776,1359,37,1.416309013,0,serve4
5678,Paul P Powell,F,2,84,0.622546277,12,13,4,1,2,0,904,1336,27,1.653631285,0,serve4
6972,Michelle G Birch,, .,144,0.257702385,17,8,3,0,2,1,666,290,50,0.677966102,0,serve4
4161,Carl X Goodman,M,1,114,2.438345249,18,3,3,2,3,1,723,326,36,0.764044944,0,serve4
1815,Richard L Atkins,M,1,174,0.095210189,22,11,3,2,3,3,496,319,52,0.773584906,0,serve4
6030,Steward C D'souza,M,1,114,0.131860422,23,26,1,1,0,2,377,1102,46,1.133928571,0,serve4
564,Robert R Baker,M,2,120,0.979060328,5,23,2,1,2,1,995,892,51,1.404878049,0,serve4
3133,Larry M Walter,M,1,108,0.194278126,3,7,3,2,1,1,498,898,47,1.25,0,serve4
6953,Jerry T Spence,M,2,108,0.054824688,17,22,2,1,0,2,1024,1026,56,1.177142857,0,serve4
1843,Jeanine S Bradley,M, .,108,0.803920776,6,7,3,2,2,1,1126,427,46,0.601398601,0,serve4
1843,Clara B Smith,M,2,150,0.436348808,9,3,2,1,0,0,944,789,54,1.396825397,0,serve4
4987,Jane S Turner,M,1,132,1.12820143,8,6,1,1,2,3,222,779,29,1.454545455,0,serve4
526,Elaine Q Morton,M,2,150,1.18985684,10,15,1,1,2,1,733,1120,57,0.841584158,0,serve4
2072,Ignatius R Atkins,M,1,72,0.194322173,15,10,3,0,1,2,1159,236,41,0.896,0,serve4
2498,Suzzane N Spear,M,1,72,0.298916028,15,20,2,2,2,3,559,299,29,0.620689655,0,serve4
6768,George A Warner,M,2,126,0.264476935,17,14,3,0,2,2,769,405,35,2.755555556,0,serve4
2079,Alex   Nicholson,M,3,102,0.290267401,20,8,1,2,2,3,1196,1298,58,1.450549451,0,serve4
1697,Demie F Roberts,M,2,138,0.215955939,6,14,2,1,3,1,1133,1279,34,1.263157895,0,serve4
5284,Kristin V White,M,2,102,0.702314702,10,17,3,1,2,2,445,597,29,0.899521531,0,serve4
2808,George E Maxwell,M,1,102,9.094397922,13,12,2,0,2,0,248,1159,46,1.794594595,0,serve4
3161,Tony   Mcintyre,M,2,126,6.977834042,26,21,3,0,0,1,442,1272,55,0.328638498,0,serve4
7050,Jerry W Turner,M,3,90,3.65840192,1,9,4,1,2,0,439,1386,41,1.53164557,0,serve4
1844,Ana P Maxwell,M,1,162,1.345353441,1,8,3,2,3,0,1053,1312,36,1.173913044,0,serve4
1708,Clive L Ricardo,M,1,156,0.392090478,3,6,3,0,2,2,1061,423,44,0.881889764,0,serve4
1321,Glorin W King,M,2,108,0.741656871,11,21,2,1,1,2,1102,973,39,0.995073892,0,serve4
7694,Jill D Warner,, .,84,1.688653596,13,2,2,2,2,3,481,627,37,0.971428571,0,serve4
7702,Suzzane J Donald,, .,162,0.234151708,3,6,2,2,2,0,626,225,58,1.540740741,0,serve4
3377,Elaine U Thomas,M,2,120,0.001251292,14,15,2,1,2,3,328,724,41,1.08411215,0,serve4
3521,Howard M Hadley,F,3,156,0.048886406,14,19,1,1,0,3,677,613,41,1.818181818,0,serve4
3755,Jude Q Marshall,M,1,66,0.075521667,1,12,3,1,1,0,375,206,45,1.076023392,0,serve4
736,Bill Q Waugh,, .,96,0.591878428,17,2,3,0,1,0,1128,368,57,0.505050505,0,serve4
4832,Brooks L Lee,, .,114,2.404147663,5,5,3,2,0,1,934,649,42,1.181818182,0,serve4
5022,Simone Q Hunt,M,4,120,0.375266364,11,15,1,0,2,3,250,1257,52,0.773234201,0,serve4
4573,Carlin F Waugh,M,1,132,0.672067599,12,3,3,1,2,2,665,1037,60,1.576923077,0,serve4
5099,Amy M Hodges,F,1,96,0.094803499,13,24,3,2,2,1,357,926,59,0.842696629,0,serve4
540,Brooks Q Evans,M,2,102,0.118587257,11,16,2,1,2,1,797,1345,33,1.794117647,0,serve4
2174,Paul   Moss,F,2,144,0.069089224,21,2,1,1,2,3,1057,906,35,1.1125,0,serve4
7499,Rhonda I King,F,1,162,0.085464663,16,6,3,1,1,2,641,1105,39,1.375,0,serve4
838,Michelle A Burton,F,2,90,0.594982706,6,5,2,1,0,2,1114,832,61,0.921348315,0,serve4
2511,Debbie   Anderson,F,1,72,0.318657982,20,3,2,1,2,0,663,1206,61,1.205741627,0,serve4
2103,Leo N Besser,F,1,72,0.34873865,15,16,4,1,0,1,837,624,62,1.515151515,0,serve4
7468,Jhonny X Carson,F, .,132,0.490724546,3,12,2,0,0,1,512,902,60,0.857142857,0,serve4
5463,Gregory U West,M,1,150,1.50280469,8,1,4,0,2,2,380,1095,26,2.24742268,0,serve4
5012,Suzzane Q Jones,M,2,120,0.012880241,17,24,3,2,1,2,245,401,24,0.428571429,1,serve4
5146,Colin B Besser,M,1,108,0.147029346,10,0,2,3,0,2,577,629,26,1.28,1,serve4
2395,Howard Q Watson,F,2,96,1.358152995,13,17,2,0,0,2,375,862,25,1.269230769,1,serve4
2681,Brooks B Baxter,M,2,132,0.006079251,10,7,2,1,1,2,514,351,24,0.142857143,1,serve4
5460,Brian Y Pott,M,1,108,0.077161598,5,10,2,2,0,0,573,591,27,0.862068966,1,serve4
3588,Christine B Moss,M,1,108,0.003165549,14,14,3,2,0,1,659,690,26,1.111111111,1,serve4
7136,Nicholas V Turner,F,1,120,0.041069418,4,18,2,2,1,1,622,614,23,0.222222222,1,serve4
3039,Judith J Waugh,M,2,96,0.202421965,2,6,3,2,0,2,511,718,22,0.766666667,1,serve4
1813,Cummins V Gilchrist,M,1,90,0.216854813,1,15,1,1,1,2,377,1152,20,0.579710145,1,serve4
58,Harry P Sanders,M,2,150,0.079252561,10,11,2,2,0,3,1151,559,21,0.625,1,serve4
5475,Steward S Warner,F,1,156,12.69815238,20,2,2,1,0,1,915,1216,38,1.015873016,1,serve4
3737,Currie H Powell,M,1,150,0.077420373,4,6,3,2,0,2,560,1317,22,1.068965517,1,serve4
5085,Tony E Robinson,F,1,102,0.128587661,23,20,3,1,1,1,535,671,25,2,1,serve4
6808,Demie H Whitehall,F,2,132,0.235404253,18,10,3,0,0,1,637,641,24,1.56097561,1,serve4
4257,Christina O Goodman,M, .,102,0.327173067,20,4,2,1,0,0,504,426,23,0.734693878,1,serve4
6550,Alex   Spence,M,1,84,0.024915843,1,5,4,3,0,0,654,227,28,0.066666667,1,serve4
7250,Alexandria P Connor,F,1,126,0.049796806,5,18,3,0,0,0,540,484,21,0.888888889,1,serve4
563,Dillon O Marshall,M,2,132,0.022197501,8,10,1,2,0,2,979,1350,24,0.280701754,1,serve4
2277,Desmond P Black,M,2,120,1.488911697,17,3,3,2,0,0,1077,551,28,0.904109589,1,serve4
4764,Bill X Birch,M, .,144,0.273067802,12,19,1,4,0,1,662,547,23,0.507936508,1,serve4
1739,Arlene Z Bradley,M,1,120,1.862775963,3,5,2,2,0,3,579,648,27,0.709677419,1,serve4
1282,Clint W Mcrae,F,2,114,0.29378643,19,0,1,2,0,2,937,401,24,1.084745763,1,serve4
4558,Glorin P Hawkins,F,1,120,0.074551319,30,20,3,4,0,3,634,1106,25,0.981132076,1,serve4
1548,Glorin W Birch,F,1,126,0.033072149,7,5,1,0,0,2,1180,718,20,1.333333333,1,serve4
489,Larry D Burton,M,5,96,0.105565364,1,9,2,1,0,3,609,658,22,1.166666667,1,serve4
1366,Luke S Murray,M,1,114,0.057347517,2,22,2,4,0,1,697,493,25,1.485714286,1,serve4
5191,Russel S Albright,M,2,150,0.032584658,8,11,3,1,0,3,712,568,27,0.352941177,1,serve4
928,Carlin I Brown,M, .,132,0.162706346,0,5,2,1,0,3,910,491,22,1.24,1,serve4
4357,Alex U Cook,M,2,102,0.177963657,20,22,1,1,1,2,543,1385,26,0.693333333,1,serve4
3499,Anne R Cook,F,1,120,0.144686507,13,18,4,0,1,3,558,439,24,0.333333333,1,serve4
6823,Irene F Hunt,M,1,108,0.062139702,13,6,3,2,1,2,689,1123,26,1,1,serve4
2188,Robert C Besser,M,1,84,0.028450152,17,12,3,1,1,0,611,539,25,0.823529412,1,serve4
4949,Glorin G Eastwood,, .,156,0.095521679,7,17,3,1,1,0,1154,637,25,0.92,1,serve4
1388,James K King,M,2,90,0.109433962,18,25,2,2,0,2,502,581,23,0.243902439,1,serve4
2428,Christina K Nicholson,F,2,108,0.084618596,13,18,2,2,0,0,680,780,25,0.647058824,1,serve4
3206,Colin E Birch,M, .,138,0.247187948,17,18,3,1,0,0,611,1247,27,1.032258065,1,serve4
3469,Christina C Renne,M,3,156,0.183450195,17,0,2,1,0,3,611,973,21,0.383561644,1,serve4
6770,Chelsea X Warton,M,2,132,0.086348988,9,3,2,2,0,0,616,674,22,0.947368421,1,serve4
3796,Clara E Powell,M,1,96,0.065150129,2,2,3,2,0,2,1119,416,26,0.188679245,1,serve4
5697,Sally K Moss,M,1,132,0.065842308,16,24,3,3,0,3,663,550,25,1.48,1,serve4
5919,Larry I Watson,M,1,156,28.61091704,15,16,3,1,1,2,1193,483,21,0.545454546,1,serve4
6904,Hillary H Lee,M, .,114,0.092593023,8,9,2,1,0,2,855,1276,21,1.16,1,serve4
2266,Steward Q Mcintyre,M, .,162,0.090063656,10,3,4,0,0,0,655,440,25,1.105263158,1,serve4
2192,Judith   Maxwell,M,3,132,0.094942716,10,7,3,1,0,1,502,476,24,1.34375,1,serve4
3554,Glorin A Besser,M,2,144,0.417014768,16,0,3,3,0,0,638,616,50,1.52173913,1,serve4
711,Sally L Gonsalves,M,1,138,0.08913661,0,12,2,1,1,0,611,1195,24,0.147058824,1,serve4
5437,Keith   Maxwell,M,2,108,2.961341566,10,19,1,1,0,3,607,457,20,1.294117647,1,serve4
6784,Pele N Norton,M,2,126,0.038627803,20,18,3,1,1,2,603,209,24,2.260869565,1,serve4
1864,Nicholas B Black,M,1,144,0.004710785,9,12,4,1,0,0,514,624,27,0.28,1,serve4
3395,Mary C Hodges,M,1,126,0.945847626,4,1,2,1,1,3,969,539,21,1.625,1,serve4
7624,George B Spencer,F,2,120,0.047467885,0,18,4,1,0,2,582,488,25,0.242424242,1,serve4
6041,Rhonda L Bradley,F,1,102,0.563142238,15,23,3,1,1,2,690,569,22,1.043478261,1,serve4
6880,Carlin R Jhonson,M,2,126,0.110219913,2,15,4,2,0,2,536,1260,23,1.028571429,1,serve4
7157,Britney T Lara,M,2,150,0.048283534,8,15,3,2,1,0,688,656,28,0.714285714,1,serve4
6118,Jhon Z Jhonson,F,2,144,1.337518443,15,12,3,3,0,2,1198,688,21,1.12,1,serve4
2078,Clint G Hadley,M,1,84,0.532225258,7,23,3,2,0,1,879,559,25,1.56097561,1,serve4
1447,Ana M Jones,M,2,126,0.081549664,2,15,3,1,1,3,615,512,23,0.897959184,1,serve4
3824,Michelle S Stuward,M,2,156,0.404055372,17,24,2,2,1,0,584,667,27,0.923076923,1,serve4
2490,Debra J Turner,M,6,126,0.080943388,18,9,2,4,0,1,507,537,21,0.64,1,serve4
6720,Larry C Richards,F,2,108,0.124487783,7,4,3,1,1,2,550,1090,24,0.690909091,1,serve4
2248,Stanford Y Lyod,M, .,156,0.002703361,1,5,3,2,1,2,212,431,23,1,1,serve4
1560,Steward B Warton,M, .,138,0.214515408,13,13,2,0,0,3,428,610,26,1.096774194,1,serve4
6822,Irene M Turner,M, .,90,0.007322551,15,6,1,0,0,1,1019,649,21,0.953846154,1,serve4
3776,Clements K Richie,F,2,102,0.306975894,8,18,2,1,1,2,210,506,26,1.388888889,1,serve4
4090,Barry C Jones,M,2,102,0.208707999,29,25,3,1,0,0,547,595,22,0.4,1,serve4
5226,Larry N Spencer,M, .,66,0.305864711,28,23,1,4,0,2,638,447,25,0.075471698,1,serve4
2878,Tony O Powell,M,2,126,0.15102382,28,25,4,2,1,1,571,548,22,0.892857143,1,serve4
5163,Jhon Y Green,F,1,126,0.053877835,18,22,3,1,1,0,965,476,20,0.711111111,1,serve4
9,Barry L Taylor,, .,114,0.480429356,30,16,3,1,0,2,1055,656,22,0.926829268,1,serve4
1703,Stanford O Murdoch,M,2,90,5.873156325,9,23,3,1,0,2,600,1177,21,2.057142857,1,serve4
5219,Michelle U Norton,F,3,156,0.045095938,22,21,4,1,1,0,680,353,25,1.7,1,serve4
2110,Bill G Fisher,M,2,126,0.1888896,14,2,2,3,0,2,678,546,23,1.473684211,1,serve4
5430,Ignatius L Lee,M,2,108,0.093706901,5,16,3,2,0,3,580,830,21,1.125,1,serve4
2113,Bond P Anderson,, .,126,0.587451799,24,16,4,0,0,1,487,531,20,0.933333333,1,serve4
6782,Ana C Spence,F,1,108,0.07448535,13,16,2,2,0,0,618,496,24,1.079365079,1,serve4
6217,Jim L Nicholson,F,1,102,0.162525617,15,16,2,0,0,1,685,495,21,1.363636364,1,serve4
1796,Dillon U Shaw,F,1,126,0.100995908,13,8,2,4,0,2,332,827,24,3.058823529,1,serve4
3596,Nicholas N D'mello,F,2,102,0.306498829,0,16,3,1,0,1,296,923,22,0.285714286,1,serve4
21,Cameron O Besser,F,2,108,0.152661073,15,18,1,2,0,0,429,547,25,0.641509434,1,serve4
661,Hillary X Smith,F,1,114,0.235189165,11,24,2,3,0,1,543,605,24,0.85,1,serve4
3313,Judith T Morgan,M,1,114,0.019969788,21,23,4,1,0,1,930,236,25,1.6,1,serve4
1837,Richard   Turner,M,2,96,0.006891105,6,25,2,0,1,1,611,480,21,1.071428571,1,serve4
1513,Clive U Smith,M, .,144,0.072139707,1,2,2,0,1,2,1010,689,27,1.1,1,serve4
5031,Hillary H Wood,M,1,108,0.115268688,15,9,3,2,1,2,1135,456,20,2.260869565,1,serve4
2856,Amy J Howarth,F,2,126,0.154887959,12,19,4,2,0,1,611,1050,24,1.037037037,1,serve4
1936,Dillon X Wood,F,2,150,0.000268589,1,1,3,0,1,0,800,1232,20,1.128205128,1,serve4
6848,Currie Z Wilkinson,M,2,90,0.344575924,32,28,4,4,0,2,695,1149,21,0.958333333,1,serve4
3876,Debbie Y Mcintyre,F,1,138,0.273558831,16,11,2,1,0,2,674,1395,52,0.96875,1,serve4
3744,Judith P Spence,F,1,174,0.006957408,13,4,3,1,0,3,972,491,22,0.608695652,1,serve4
3965,Robert X Richie,M,2,102,0.00754772,1,2,4,1,1,0,576,506,27,0.96969697,1,serve4
6997,Amy D Rogers,M,2,78,0.164362194,19,0,2,2,0,2,657,611,21,0.634920635,1,serve4
6942,Alysia W Besser,F, .,216,0.093934663,18,13,3,2,0,1,784,452,25,0.58974359,1,serve4
2793,Debbie O Connor,F, .,120,0.428853514,20,23,2,1,1,3,542,1292,22,1.169811321,1,serve4
1731,Madonna F D'souza,M,2,72,0.129176431,16,6,2,2,1,2,527,1083,25,2.454545455,1,serve4
6357,Howard P Muldowney,M,1,138,0.220364411,11,7,4,3,0,1,890,222,21,1.375,1,serve4
4393,Debbie X Thomas,M,1,90,0.272226879,11,13,2,2,0,1,903,913,24,0.444444444,1,serve4
1844,Marilyn K Howarth,M,1,102,0.021147014,16,19,3,3,0,1,698,455,23,1.466666667,1,serve4
6041,Keith P Carson,F,1,114,0.985533785,10,11,3,2,0,0,670,866,27,0.4375,1,serve4
6831,Mary U Brown,M,2,126,0.039900953,7,10,2,1,0,1,638,794,25,0.861538462,1,serve4
5643,Jeremy G Morton,M,1,102,0.141601501,1,24,3,2,0,3,563,563,22,0.794117647,1,serve4
2363,Duncan F Lee,M,2,108,0.079943939,3,2,1,1,0,2,317,431,23,1.4,1,serve4
597,Sam D Wilks,M,1,132,0.128981273,8,3,3,1,0,3,513,595,22,0.979591837,1,serve4
948,Sally V Pott,M,2,132,0.084865062,9,23,3,3,0,2,1193,428,23,0.585365854,1,serve4
2230,Judith R Albright,M,2,156,0.18092024,15,11,1,3,0,2,530,987,28,1,1,serve4
5081,Jack E Muldowney,F,2,144,0.257583107,15,22,4,3,0,0,924,451,46,0.813559322,1,serve4
3458,Robert O Grant,M,2,66,0.155391334,22,20,4,4,0,1,315,607,22,1.155555556,1,serve4
6948,Hillary H Fleming,M, .,150,0.11234694,15,13,1,1,1,3,708,453,27,1.066666667,1,serve4
4430,Adam U Burton,M,2,132,0.018271857,1,13,2,2,1,1,337,342,24,0.342857143,1,serve4
4945,Rhonda   Grant,F,5,162,0.170186877,9,5,2,0,1,1,353,689,20,0.5,1,serve4
3068,Colin J Green,F,1,90,0.553019745,9,8,4,2,0,2,655,891,27,1.147540984,1,serve4
1906,Leo K Botham,F,2,144,0.255650351,20,4,2,2,0,1,696,564,27,1.538461539,1,serve4
2144,Alexandria S Hadley,M,1,84,0.048212049,8,14,3,0,0,0,540,625,21,1.333333333,1,serve4
4063,Larry D Hadley,F,2,108,0.171865993,14,23,2,1,0,0,207,597,49,2.2,1,serve4
3740,Elaine Z Baxter,M,2,108,0.160268127,15,18,3,0,1,2,318,295,27,1.56,1,serve4
4151,Pauline P Atkins,M,2,120,0.090308045,11,9,4,2,0,3,570,1045,27,0.8,1,serve4
